Series Name,Series Code,Country Name,Country Code,1972 [YR1972],1973 [YR1973],1974 [YR1974],1975 [YR1975],1976 [YR1976],1977 [YR1977],1978 [YR1978],1979 [YR1979],1980 [YR1980],1981 [YR1981],1982 [YR1982],1983 [YR1983],1984 [YR1984],1985 [YR1985],1986 [YR1986],1987 [YR1987],1988 [YR1988],1989 [YR1989],1990 [YR1990],1991 [YR1991],1992 [YR1992],1993 [YR1993],1994 [YR1994],1995 [YR1995],1996 [YR1996],1997 [YR1997],1998 [YR1998],1999 [YR1999],2000 [YR2000],2001 [YR2001],2002 [YR2002],2003 [YR2003],2004 [YR2004],2005 [YR2005],2006 [YR2006],2007 [YR2007],2008 [YR2008],2009 [YR2009],2010 [YR2010],2011 [YR2011],2012 [YR2012],2013 [YR2013],2014 [YR2014],2015 [YR2015],2016 [YR2016],2017 [YR2017],2018 [YR2018],2019 [YR2019],2020 [YR2020],2021 [YR2021]
Domestic general government health expenditure (% of GDP),SH.XPD.GHED.GD.ZS,Afghanistan,AFG,..,..,..,..,..,..,..,..,..,..,..,..,..,..,..,..,..,..,..,..,..,..,..,..,..,..,..,..,..,..,0.08418062,0.65096337,0.5429256,0.5291841,0.49784002,0.55994755,0.62779981,0.53190351,0.46915734,0.47999978,0.34288704,0.44335812,0.47265655,0.52267283,0.60012823,0.64313394,0.54922014,1.08443093,..,..
Domestic general government health expenditure (% of GDP),SH.XPD.GHED.GD.ZS,Albania,ALB,..,..,..,..,..,..,..,..,..,..,..,..,..,..,..,..,..,..,..,..,..,..,..,..,..,..,..,..,2.76583052,2.75327611,2.5886693,2.67035341,2.82082701,2.66531777,2.55931067,2.43571401,2.27125502,2.33805966,2.37873578,2.36556411,2.45518875,2.5777564,2.5936172,2.73134828,2.80370522,2.67507172,2.82499456,..,..,..
Domestic general government health expenditure (% of GDP),SH.XPD.GHED.GD.ZS,Algeria,DZA,..,..,..,..,..,..,..,..,..,..,..,..,..,..,..,..,..,..,..,..,..,..,..,..,..,..,..,..,2.51082778,2.9254992,2.8079257,2.7617898,2.52882028,2.24167132,2.29699302,2.66687632,3.02516413,3.79895711,3.55552292,3.71975899,4.37614059,4.28830338,4.71454287,4.91700029,4.4724493,4.14140797,4.05819511,4.05817795,..,..
Domestic general government health expenditure (% of GDP),SH.XPD.GHED.GD.ZS,American Samoa,ASM,..,..,..,..,..,..,..,..,..,..,..,..,..,..,..,..,..,..,..,..,..,..,..,..,..,..,..,..,..,..,..,..,..,..,..,..,..,..,..,..,..,..,..,..,..,..,..,..,..,..
Domestic general government health expenditure (% of GDP),SH.XPD.GHED.GD.ZS,Andorra,AND,..,..,..,..,..,..,..,..,..,..,..,..,..,..,..,..,..,..,..,..,..,..,..,..,..,..,..,..,3.90049219,3.81791782,4.07068014,3.63835096,3.36862469,3.73281956,3.06836081,3.03696775,3.80028939,4.27247238,4.5728569,4.06563091,4.06955099,4.1172142,4.18241787,4.33484316,4.35636282,4.59379148,4.58670235,4.66368246,..,..
Domestic general government health expenditure (% of GDP),SH.XPD.GHED.GD.ZS,Angola,AGO,..,..,..,..,..,..,..,..,..,..,..,..,..,..,..,..,..,..,..,..,..,..,..,..,..,..,..,..,1.11098742,2.04631472,1.30862701,1.46559668,1.6866349,1.278759,1.44412029,1.72198606,2.13843656,2.60045815,1.67409575,1.71321797,1.56333554,1.69516742,1.31816006,1.23424077,1.19753671,1.29187,1.06878412,1.04434741,..,..
Domestic general government health expenditure (% of GDP),SH.XPD.GHED.GD.ZS,Antigua and Barbuda,ATG,..,..,..,..,..,..,..,..,..,..,..,..,..,..,..,..,..,..,..,..,..,..,..,..,..,..,..,..,2.71551919,3.21143937,3.09016109,3.34665513,2.96937275,2.77810311,2.4536376,2.28421807,2.13453746,2.30075669,3.13688302,3.09945083,3.08453822,3.08960557,3.47427654,3.15658259,2.86057758,2.73786783,2.91416717,2.59645534,..,..
Domestic general government health expenditure (% of GDP),SH.XPD.GHED.GD.ZS,Argentina,ARG,..,..,..,..,..,..,..,..,..,..,..,..,..,..,..,..,..,..,..,..,..,..,..,..,..,..,..,..,4.49895144,4.59210253,4.03350496,3.77215672,3.74438357,3.9133997,4.01898909,4.25491619,4.50853157,5.66982412,5.56834602,5.68118334,6.13486385,6.22041893,6.32730198,6.8243742,5.59118652,6.59935617,5.93580294,5.93055725,..,..
Domestic general government health expenditure (% of GDP),SH.XPD.GHED.GD.ZS,Armenia,ARM,..,..,..,..,..,..,..,..,..,..,..,..,..,..,..,..,..,..,..,..,..,..,..,..,..,..,..,..,0.95468032,1.33908224,1.17184234,1.20635951,1.29411149,1.47841167,1.58640766,1.61389256,1.48813272,1.8116914,1.68628967,1.67286491,1.5781703,1.37565744,1.50547874,1.61020923,1.6373446,1.37250602,1.23468113,1.40614879,..,..
Domestic general government health expenditure (% of GDP),SH.XPD.GHED.GD.ZS,Aruba,ABW,..,..,..,..,..,..,..,..,..,..,..,..,..,..,..,..,..,..,..,..,..,..,..,..,..,..,..,..,..,..,..,..,..,..,..,..,..,..,..,..,..,..,..,..,..,..,..,..,..,..
Domestic general government health expenditure (% of GDP),SH.XPD.GHED.GD.ZS,Australia,AUS,..,..,..,..,..,..,..,..,..,..,..,..,..,..,..,..,..,..,..,..,..,..,..,..,..,..,..,..,5.46949816,5.47267151,5.67827368,5.63916588,5.81345654,5.73987436,5.72573614,5.88174677,5.97145414,6.25201321,6.10032845,6.25755644,6.18006754,5.93705511,6.10049677,6.38369751,6.33803082,6.36546087,6.29709959,7.10425138,..,..
Domestic general government health expenditure (% of GDP),SH.XPD.GHED.GD.ZS,Austria,AUT,..,..,..,..,..,..,..,..,..,..,..,..,..,..,..,..,..,..,..,..,..,..,..,..,..,..,..,..,6.82578659,6.82649755,6.89934063,6.98268557,6.99610281,6.99419975,6.9434433,6.9392724,7.17632008,7.44917679,7.39957905,7.28789806,7.43251085,7.42312813,7.51863861,7.51185322,7.49085999,7.4457655,7.48925352,7.6176486,..,..
Domestic general government health expenditure (% of GDP),SH.XPD.GHED.GD.ZS,Azerbaijan,AZE,..,..,..,..,..,..,..,..,..,..,..,..,..,..,..,..,..,..,..,..,..,..,..,..,..,..,..,..,0.86689276,0.79006779,0.73446828,0.77900064,0.8643167,0.91786504,0.86607754,0.90689111,0.86374003,1.13072801,1.01077783,0.94790989,1.11365366,1.06307197,1.12798095,1.30261827,1.16339743,1.00201261,0.92868197,1.28157103,..,..
Domestic general government health expenditure (% of GDP),SH.XPD.GHED.GD.ZS,"Bahamas, The",BHS,..,..,..,..,..,..,..,..,..,..,..,..,..,..,..,..,..,..,..,..,..,..,..,..,..,..,..,..,1.50591624,1.5661813,1.50943291,1.62846553,1.61167789,1.58765554,1.65727472,1.80025303,2.08452892,2.34723687,2.36928177,2.37497997,2.31367421,2.55138588,2.50439858,2.31834769,2.73470545,3.657933,2.96176958,2.98772573,..,..
Domestic general government health expenditure (% of GDP),SH.XPD.GHED.GD.ZS,Bahrain,BHR,..,..,..,..,..,..,..,..,..,..,..,..,..,..,..,..,..,..,..,..,..,..,..,..,..,..,..,..,2.35164309,2.46214175,2.57194328,2.49012971,2.25667477,2.14726853,2.11138248,2.16460228,2.17031121,2.59248686,2.41982818,2.2369225,2.68348098,2.80836272,2.86725354,3.23580313,2.98268986,2.74979949,2.43788433,2.3749764,..,..
Domestic general government health expenditure (% of GDP),SH.XPD.GHED.GD.ZS,Bangladesh,BGD,..,..,..,..,..,..,..,..,..,..,..,..,..,..,..,..,..,..,..,..,..,..,..,..,..,..,..,..,0.59430784,0.45549405,0.55839545,0.57762122,0.57157749,0.53574222,0.57358515,0.58525318,0.53093374,0.52133471,0.5637666,0.57771218,0.56256449,0.52373934,0.50554109,0.46535748,0.40610689,0.40603626,0.42589214,0.46258456,..,..
Domestic general government health expenditure (% of GDP),SH.XPD.GHED.GD.ZS,Barbados,BRB,..,..,..,..,..,..,..,..,..,..,..,..,..,..,..,..,..,..,..,..,..,..,..,..,..,..,..,..,2.76476121,2.94435692,3.13669062,3.75885224,4.34377909,3.8717072,3.70412207,3.29791307,3.58303857,3.90286708,3.62075639,3.34585834,4.30390453,3.80649638,3.28546762,3.20032907,3.15078282,3.0033567,2.93843102,2.82451534,..,..
Domestic general government health expenditure (% of GDP),SH.XPD.GHED.GD.ZS,Belarus,BLR,..,..,..,..,..,..,..,..,..,..,..,..,..,..,..,..,..,..,..,..,..,..,..,..,..,..,..,..,4.15422821,4.25791645,4.07934141,4.38554096,4.39936543,4.52236748,3.98553944,3.99474645,3.48282266,3.48038411,3.84921908,3.08841515,3.44369793,3.56868172,3.37288046,3.68674207,4.19298792,3.98054719,3.9000001,4.12527084,..,..
Domestic general government health expenditure (% of GDP),SH.XPD.GHED.GD.ZS,Belgium,BEL,..,..,..,..,..,..,..,..,..,..,..,..,..,..,..,..,..,..,..,..,..,..,..,..,..,..,..,..,5.96185923,6.13948441,6.13245678,6.79258394,6.9958024,6.89790821,6.8076849,6.77582026,7.2696805,7.87510061,7.78026438,7.9088397,8.04331493,8.03870392,8.08606339,7.91765547,8.32023335,8.33751106,8.26992512,8.18138885,..,..
Domestic general government health expenditure (% of GDP),SH.XPD.GHED.GD.ZS,Belize,BLZ,..,..,..,..,..,..,..,..,..,..,..,..,..,..,..,..,..,..,..,..,..,..,..,..,..,..,..,..,1.87335801,2.38592339,2.46418405,2.33617306,2.28200603,2.38873291,2.59856677,3.19227767,3.75387549,3.76066899,3.78137493,3.74185967,3.59769273,3.76948786,3.89337468,4.03295517,4.23173332,3.97645974,3.99211764,4.16896009,..,..
Domestic general government health expenditure (% of GDP),SH.XPD.GHED.GD.ZS,Benin,BEN,..,..,..,..,..,..,..,..,..,..,..,..,..,..,..,..,..,..,..,..,..,..,..,..,..,..,..,..,0.80706477,0.92712092,0.72565317,0.66474736,0.73165977,0.68285877,0.71946436,0.59594458,0.56289971,0.74733645,0.7244277,0.7959457,0.74672192,0.7646274,0.57532859,0.58544844,0.57490981,0.81440628,0.4908835,0.54099613,..,..
Domestic general government health expenditure (% of GDP),SH.XPD.GHED.GD.ZS,Bermuda,BMU,..,..,..,..,..,..,..,..,..,..,..,..,..,..,..,..,..,..,..,..,..,..,..,..,..,..,..,..,..,..,..,..,..,..,..,..,..,..,..,..,..,..,..,..,..,..,..,..,..,..
Domestic general government health expenditure (% of GDP),SH.XPD.GHED.GD.ZS,Bhutan,BTN,..,..,..,..,..,..,..,..,..,..,..,..,..,..,..,..,..,..,..,..,..,..,..,..,..,..,..,..,3.54262924,3.53787732,3.32763267,2.85614896,3.0369277,2.64208436,2.4346931,2.64050913,2.33727217,2.6199491,2.56418729,2.4589467,2.51806545,2.55412817,2.45531821,2.7896409,2.6446631,2.48946476,2.57960916,2.6540451,..,..
Domestic general government health expenditure (% of GDP),SH.XPD.GHED.GD.ZS,Bolivia,BOL,..,..,..,..,..,..,..,..,..,..,..,..,..,..,..,..,..,..,..,..,..,..,..,..,..,..,..,..,2.43201637,2.61401916,2.60214591,2.75486469,2.53551769,2.75369644,2.61106277,2.77554274,2.70188808,3.15830708,3.05729294,3.02061009,2.9963541,3.26242661,3.69240761,4.30645227,4.4294467,4.44758177,4.835742,4.93192387,..,..
Domestic general government health expenditure (% of GDP),SH.XPD.GHED.GD.ZS,Bosnia and Herzegovina,BIH,..,..,..,..,..,..,..,..,..,..,..,..,..,..,..,..,..,..,..,..,..,..,..,..,..,..,..,..,4.08413792,4.33064795,4.43332863,5.49271965,5.16201019,4.94053459,5.00461102,5.27355099,5.39554214,6.1381669,6.13886738,6.21122313,6.51472664,6.58716393,6.67786884,6.47305155,6.55783129,6.26775646,6.21219301,6.21883726,..,..
Domestic general government health expenditure (% of GDP),SH.XPD.GHED.GD.ZS,Botswana,BWA,..,..,..,..,..,..,..,..,..,..,..,..,..,..,..,..,..,..,..,..,..,..,..,..,..,..,..,..,3.19477272,3.4867301,3.73317742,3.58005309,3.38186216,2.84126186,2.73089552,3.02309442,3.59624434,3.36083889,3.564955,3.54791331,3.96143532,3.97917747,3.79870653,3.88001919,3.69899654,4.64136362,4.68888426,4.74940634,..,..
Domestic general government health expenditure (% of GDP),SH.XPD.GHED.GD.ZS,Brazil,BRA,..,..,..,..,..,..,..,..,..,..,..,..,..,..,..,..,..,..,..,..,..,..,..,..,..,..,..,..,3.47015405,3.51297402,3.68634653,3.50954652,3.46692538,3.34525847,3.54130602,3.48463106,3.50442195,3.70741892,3.57701063,3.46568108,3.35463285,3.55113888,3.69886541,3.85384679,3.94843602,3.95314622,3.88923883,3.90755868,..,..
Domestic general government health expenditure (% of GDP),SH.XPD.GHED.GD.ZS,British Virgin Islands,VGB,..,..,..,..,..,..,..,..,..,..,..,..,..,..,..,..,..,..,..,..,..,..,..,..,..,..,..,..,..,..,..,..,..,..,..,..,..,..,..,..,..,..,..,..,..,..,..,..,..,..
Domestic general government health expenditure (% of GDP),SH.XPD.GHED.GD.ZS,Brunei Darussalam,BRN,..,..,..,..,..,..,..,..,..,..,..,..,..,..,..,..,..,..,..,..,..,..,..,..,..,..,..,..,2.14734912,2.12138677,2.12148499,2.16172981,2.12315106,1.87143219,1.63552701,1.71080506,1.68886876,2.16198969,2.09004593,1.70617342,1.68712533,1.71973145,1.77395678,2.26836538,2.42138696,2.14750528,2.29566693,2.03760552,..,..
Domestic general government health expenditure (% of GDP),SH.XPD.GHED.GD.ZS,Bulgaria,BGR,..,..,..,..,..,..,..,..,..,..,..,..,..,..,..,..,..,..,..,..,..,..,..,..,..,..,..,..,3.4715004,3.84590173,4.20194769,4.37132454,4.09508324,4.10456991,3.63341045,3.43428993,3.48335695,3.54883742,3.94296932,3.8648746,3.8487196,4.05425167,4.48852539,4.14251328,4.12227011,4.13160944,4.23249435,4.21549892,..,..
Domestic general government health expenditure (% of GDP),SH.XPD.GHED.GD.ZS,Burkina Faso,BFA,..,..,..,..,..,..,..,..,..,..,..,..,..,..,..,..,..,..,..,..,..,..,..,..,..,..,..,..,0.96129316,0.97162032,1.05799115,0.98018694,1.69978082,1.22285116,1.43097806,1.43212783,1.36111391,1.64177883,1.30630934,1.34620249,1.06450045,1.61236393,1.62685144,1.45618773,2.38884258,2.61084127,2.0870657,2.28508854,..,..
Domestic general government health expenditure (% of GDP),SH.XPD.GHED.GD.ZS,Burundi,BDI,..,..,..,..,..,..,..,..,..,..,..,..,..,..,..,..,..,..,..,..,..,..,..,..,..,..,..,..,1.46507251,1.69244206,1.5355022,1.35508072,2.36819863,2.06247282,2.36401582,2.46383524,1.55912995,2.0807476,1.98528969,3.47108126,2.66949105,1.54086971,2.786798,2.41954613,1.91216838,2.04083753,2.28904033,2.66726708,..,..
Domestic general government health expenditure (% of GDP),SH.XPD.GHED.GD.ZS,Cabo Verde,CPV,..,..,..,..,..,..,..,..,..,..,..,..,..,..,..,..,..,..,..,..,..,..,..,..,..,..,..,..,3.16139579,3.46985078,3.46189737,3.30085492,3.12336469,2.9531765,2.97463489,2.97691178,2.45241642,2.77685046,2.8310132,2.86501932,3.07491827,3.05590343,3.04348063,3.17430449,3.08039069,3.28108525,3.20918369,3.24621487,..,..
Domestic general government health expenditure (% of GDP),SH.XPD.GHED.GD.ZS,Cambodia,KHM,..,..,..,..,..,..,..,..,..,..,..,..,..,..,..,..,..,..,..,..,..,..,..,..,..,..,..,..,1.29260528,1.18493986,1.40066004,1.48519921,1.37274647,1.22052443,0.95991439,0.97199392,1.02431202,1.21738589,1.36283231,1.27987134,1.406703,1.41955817,1.23977208,1.34465146,1.33381462,1.51867294,1.66258287,1.69888663,..,..
Domestic general government health expenditure (% of GDP),SH.XPD.GHED.GD.ZS,Cameroon,CMR,..,..,..,..,..,..,..,..,..,..,..,..,..,..,..,..,..,..,..,..,..,..,..,..,..,..,..,..,0.6743055,0.8233608,0.95179194,0.93935865,0.76064509,0.70870501,0.69953018,0.60788518,0.57561034,0.47905558,0.42714676,0.59744382,0.66323209,0.50073928,0.61331671,0.37891248,0.37905285,0.14560163,0.21044466,0.12061489,..,..
Domestic general government health expenditure (% of GDP),SH.XPD.GHED.GD.ZS,Canada,CAN,..,..,..,..,..,..,..,..,..,..,..,..,..,..,..,..,..,..,..,..,..,..,..,..,..,..,..,..,6.00890827,6.27900791,6.41561842,6.59055614,6.62400055,6.59905815,6.4866991,6.57271051,6.70117044,7.52118206,7.47694063,7.30276871,7.4011817,7.3582077,7.23180246,7.58065939,7.67784119,7.56277943,7.58277988,7.60929585,..,..
Domestic general government health expenditure (% of GDP),SH.XPD.GHED.GD.ZS,Cayman Islands,CYM,..,..,..,..,..,..,..,..,..,..,..,..,..,..,..,..,..,..,..,..,..,..,..,..,..,..,..,..,..,..,..,..,..,..,..,..,..,..,..,..,..,..,..,..,..,..,..,..,..,..
Domestic general government health expenditure (% of GDP),SH.XPD.GHED.GD.ZS,Central African Republic,CAF,..,..,..,..,..,..,..,..,..,..,..,..,..,..,..,..,..,..,..,..,..,..,..,..,..,..,..,..,1.72021425,1.51701069,1.43572009,1.54275835,1.47439063,1.0353682,1.22729075,1.27164984,0.84918875,0.74189532,0.58489585,0.41569987,0.62263757,0.98294169,0.71108782,0.45585293,0.59953207,0.72882235,0.68856221,0.81950128,..,..
Domestic general government health expenditure (% of GDP),SH.XPD.GHED.GD.ZS,Chad,TCD,..,..,..,..,..,..,..,..,..,..,..,..,..,..,..,..,..,..,..,..,..,..,..,..,..,..,..,..,2.07557535,1.845644,2.09626651,1.73737049,1.91801751,1.42997229,0.99539059,1.02279294,0.7953034,0.92613435,0.85190225,0.83746195,0.95546544,1.13619936,1.23446512,0.96198434,0.82245696,0.69614929,0.69780171,0.75380653,..,..
Domestic general government health expenditure (% of GDP),SH.XPD.GHED.GD.ZS,Channel Islands,CHI,..,..,..,..,..,..,..,..,..,..,..,..,..,..,..,..,..,..,..,..,..,..,..,..,..,..,..,..,..,..,..,..,..,..,..,..,..,..,..,..,..,..,..,..,..,..,..,..,..,..
Domestic general government health expenditure (% of GDP),SH.XPD.GHED.GD.ZS,Chile,CHL,..,..,..,..,..,..,..,..,..,..,..,..,..,..,..,..,..,..,..,..,..,..,..,..,..,..,..,..,2.51822186,2.60041094,2.72779942,2.80481911,2.7236371,2.59216499,2.49547577,2.60964298,2.93380761,3.37831378,3.19127989,3.19340086,3.36552072,3.54739046,3.72688317,3.98668098,4.22976255,4.57049799,4.65451193,4.7519598,..,..
Domestic general government health expenditure (% of GDP),SH.XPD.GHED.GD.ZS,China,CHN,..,..,..,..,..,..,..,..,..,..,..,..,..,..,..,..,..,..,..,..,..,..,..,..,..,..,..,..,0.9907074,0.97475582,1.11262357,1.25344634,1.29851866,1.36797976,1.38712037,1.43417549,1.73637438,2.14862108,2.19598818,2.33301306,2.54478717,2.68986797,2.79103684,2.97190666,2.89319348,2.87102747,2.91554689,2.99503422,..,..
Domestic general government health expenditure (% of GDP),SH.XPD.GHED.GD.ZS,Colombia,COL,..,..,..,..,..,..,..,..,..,..,..,..,..,..,..,..,..,..,..,..,..,..,..,..,..,..,..,..,4.20017815,4.45982838,4.36780357,4.46871948,4.26406622,4.35741186,4.56695986,4.58606243,4.74562693,5.2679739,5.10725737,4.98383522,4.71287298,4.90206432,5.05892658,5.32889223,5.29663372,5.4549818,5.46089888,5.54188728,..,..
Domestic general government health expenditure (% of GDP),SH.XPD.GHED.GD.ZS,Comoros,COM,..,..,..,..,..,..,..,..,..,..,..,..,..,..,..,..,..,..,..,..,..,..,..,..,..,..,..,..,0.89122123,0.5272817,0.95157909,0.85142273,0.79006189,0.69123828,0.64398408,0.56413507,0.43337327,0.37398183,0.36044455,0.95672214,0.79534382,0.65978307,0.55491424,0.4661262,0.57399994,0.67584759,0.76553828,0.83081788,..,..
Domestic general government health expenditure (% of GDP),SH.XPD.GHED.GD.ZS,"Congo, Dem. Rep.",COD,..,..,..,..,..,..,..,..,..,..,..,..,..,..,..,..,..,..,..,..,..,..,..,..,..,..,..,..,0.06204571,0.1064138,0.10429356,0.22955516,0.18619445,0.21806885,0.22633369,0.24325049,0.29166144,0.31161487,0.39785826,0.35409066,0.53260946,0.4984341,0.55080938,0.66200721,0.55122471,0.41352716,0.4979623,0.55936718,..,..
Domestic general government health expenditure (% of GDP),SH.XPD.GHED.GD.ZS,"Congo, Rep.",COG,..,..,..,..,..,..,..,..,..,..,..,..,..,..,..,..,..,..,..,..,..,..,..,..,..,..,..,..,0.51469445,0.96511626,0.4319827,0.50115913,0.43517575,0.4321349,0.55492181,0.58651835,1.09928572,0.6177088,0.82838798,0.65133935,0.81893635,0.93664944,0.94694954,1.11883152,1.20435894,0.96620154,0.68406534,0.78319961,..,..
Domestic general government health expenditure (% of GDP),SH.XPD.GHED.GD.ZS,Costa Rica,CRI,..,..,..,..,..,..,..,..,..,..,..,..,..,..,..,..,..,..,..,..,..,..,..,..,..,..,..,..,4.26218748,4.24420404,4.59278965,4.62578392,4.3769722,4.26226187,4.58488178,4.63240004,5.06513405,5.57623148,5.80644417,5.70106506,5.50347853,5.45445442,5.4429183,5.51982594,5.36528778,5.17889643,5.28166151,5.27621126,..,..
Domestic general government health expenditure (% of GDP),SH.XPD.GHED.GD.ZS,Cote d'Ivoire,CIV,..,..,..,..,..,..,..,..,..,..,..,..,..,..,..,..,..,..,..,..,..,..,..,..,..,..,..,..,0.58690357,0.50978744,0.5432992,0.51549667,0.55993599,0.52909434,0.55780333,0.58830029,0.60338175,0.66823173,0.58760166,0.57984018,0.74607885,0.72783411,0.77760935,0.80445975,0.86090881,0.94937867,0.90654147,0.95927447,..,..
Domestic general government health expenditure (% of GDP),SH.XPD.GHED.GD.ZS,Croatia,HRV,..,..,..,..,..,..,..,..,..,..,..,..,..,..,..,..,..,..,..,..,..,..,..,..,..,..,..,..,6.55928183,5.94714975,4.90275335,5.17067385,5.24448776,5.87091017,5.90844393,6.46083927,6.47901201,6.77206087,6.74670696,6.36794853,6.43348598,5.5437026,5.63077784,5.63971424,5.65209961,5.59909582,5.64517641,5.69058323,..,..
Domestic general government health expenditure (% of GDP),SH.XPD.GHED.GD.ZS,Cuba,CUB,..,..,..,..,..,..,..,..,..,..,..,..,..,..,..,..,..,..,..,..,..,..,..,..,..,..,..,..,5.50884342,5.6706562,5.72780991,5.64911461,5.4684186,7.43015385,7.08049011,9.8824482,10.29249096,11.28293419,9.70249653,10.06710052,8.06292343,9.1383667,10.95757103,11.57496357,10.94801617,10.47486115,9.94623375,10.12506104,..,..
Domestic general government health expenditure (% of GDP),SH.XPD.GHED.GD.ZS,Curacao,CUW,..,..,..,..,..,..,..,..,..,..,..,..,..,..,..,..,..,..,..,..,..,..,..,..,..,..,..,..,..,..,..,..,..,..,..,..,..,..,..,..,..,..,..,..,..,..,..,..,..,..
Domestic general government health expenditure (% of GDP),SH.XPD.GHED.GD.ZS,Cyprus,CYP,..,..,..,..,..,..,..,..,..,..,..,..,..,..,..,..,..,..,..,..,..,..,..,..,..,..,..,..,2.18027353,2.233531,2.49221182,2.47707176,2.23180842,2.25430155,2.34010673,2.31242609,2.50266314,2.74965072,2.98153758,3.05716181,3.00964785,3.1639576,2.95597911,2.85344434,2.79534912,2.75970554,2.889117,3.92549944,..,..
Domestic general government health expenditure (% of GDP),SH.XPD.GHED.GD.ZS,Czech Republic,CZE,..,..,..,..,..,..,..,..,..,..,..,..,..,..,..,..,..,..,..,..,..,..,..,..,..,..,..,..,5.05704689,5.1270442,5.44065952,5.70741272,5.56338072,5.40408325,5.2702322,5.01563311,5.12718487,6.00805569,5.71528721,5.79820013,5.83021832,6.44102383,6.2726655,5.91782522,5.81872368,5.83938646,6.22329235,6.38516235,..,..
Domestic general government health expenditure (% of GDP),SH.XPD.GHED.GD.ZS,Denmark,DNK,..,..,..,..,..,..,..,..,..,..,..,..,..,..,..,..,..,..,..,..,..,..,..,..,..,..,..,..,6.73533964,7.04638386,7.29320812,7.47102213,7.52562666,7.61281252,7.68989229,7.80592728,7.99141836,9.01539803,8.66742611,8.48921585,8.600667,8.56900883,8.56367874,8.60955524,8.53385067,8.43570423,8.44737244,8.29217625,..,..
Domestic general government health expenditure (% of GDP),SH.XPD.GHED.GD.ZS,Djibouti,DJI,..,..,..,..,..,..,..,..,..,..,..,..,..,..,..,..,..,..,..,..,..,..,..,..,..,..,..,..,1.4109472,1.25185072,1.28663254,1.50417197,1.43899679,1.39764392,1.7263062,1.73555219,1.8316139,1.90513957,1.85769463,2.14388585,1.89016593,1.80735016,1.76380634,1.69297981,1.32228565,1.14448988,1.11786342,0.96505356,..,..
Domestic general government health expenditure (% of GDP),SH.XPD.GHED.GD.ZS,Dominica,DMA,..,..,..,..,..,..,..,..,..,..,..,..,..,..,..,..,..,..,..,..,..,..,..,..,..,..,..,..,3.36023784,2.57100463,2.43640971,2.70217085,2.57322693,2.7944603,2.69501734,2.52050734,2.61492252,2.67258668,2.95949578,3.15106702,3.48056149,3.25719786,3.19072556,3.25268769,3.33480358,3.7642355,4.29896116,3.51960874,..,..
Domestic general government health expenditure (% of GDP),SH.XPD.GHED.GD.ZS,Dominican Republic,DOM,..,..,..,..,..,..,..,..,..,..,..,..,..,..,..,..,..,..,..,..,..,..,..,..,..,..,..,..,1.71051323,1.70341134,1.67955518,1.15990651,1.14767253,1.39308286,1.40171921,1.68478811,2.12083626,2.330158,2.51638746,2.72521615,2.76370859,2.77817011,2.46088409,2.36797142,2.66466784,2.68219995,2.54002523,2.66199851,..,..
Domestic general government health expenditure (% of GDP),SH.XPD.GHED.GD.ZS,Ecuador,ECU,..,..,..,..,..,..,..,..,..,..,..,..,..,..,..,..,..,..,..,..,..,..,..,..,..,..,..,..,0.96102405,1.25510871,1.41283405,1.6680541,1.73261905,1.68276167,1.81756639,2.04557729,2.09913039,2.38107014,2.83477521,3.06546903,3.43776536,3.82528639,4.11469746,4.31252193,4.41607189,4.54476023,4.92990112,4.82940865,..,..
Domestic general government health expenditure (% of GDP),SH.XPD.GHED.GD.ZS,"Egypt, Arab Rep.",EGY,..,..,..,..,..,..,..,..,..,..,..,..,..,..,..,..,..,..,..,..,..,..,..,..,..,..,..,..,1.73206902,1.84800255,1.89907742,1.66768789,1.57912993,1.5893116,1.74427295,1.56855941,1.53611362,1.53460777,1.36768842,1.47459912,1.35230184,1.43904543,1.48455393,1.66732967,1.65568364,1.7446686,1.42153192,1.31698537,..,..
Domestic general government health expenditure (% of GDP),SH.XPD.GHED.GD.ZS,El Salvador,SLV,..,..,..,..,..,..,..,..,..,..,..,..,..,..,..,..,..,..,..,..,..,..,..,..,..,..,..,..,3.94314814,3.83341861,4.00326157,3.88919258,4.01650906,4.2482481,4.56036425,4.15112972,4.13805771,4.16982746,4.44353056,4.86786413,4.51679182,4.83679676,4.77822113,4.90629911,4.96761036,4.59784555,4.52900553,4.54885817,..,..
Domestic general government health expenditure (% of GDP),SH.XPD.GHED.GD.ZS,Equatorial Guinea,GNQ,..,..,..,..,..,..,..,..,..,..,..,..,..,..,..,..,..,..,..,..,..,..,..,..,..,..,..,..,0.31905925,0.18987575,0.15856928,0.19967191,0.16040288,0.20671788,0.26126072,0.28975412,0.29779997,0.58800715,0.45372462,0.40495625,0.5242337,0.42721474,0.47094306,0.55440164,0.69449264,0.59081894,0.61581403,0.6663335,..,..
Domestic general government health expenditure (% of GDP),SH.XPD.GHED.GD.ZS,Eritrea,ERI,..,..,..,..,..,..,..,..,..,..,..,..,..,..,..,..,..,..,..,..,..,..,..,..,..,..,..,..,2.05245137,1.79195142,2.11955547,1.66898465,1.55933774,0.85298663,0.81826532,1.21488249,1.48372126,1.0316931,1.02692974,0.77091092,0.79316747,0.77988005,0.51415253,0.74046415,0.7334801,1.00735641,0.6442942,0.78496498,..,..
Domestic general government health expenditure (% of GDP),SH.XPD.GHED.GD.ZS,Estonia,EST,..,..,..,..,..,..,..,..,..,..,..,..,..,..,..,..,..,..,..,..,..,..,..,..,..,..,..,..,3.92247367,3.73844242,3.58231616,3.69699931,3.78673196,3.74367166,3.5632844,3.74114037,4.35441494,5.02610111,4.6538105,4.32462502,4.40868425,4.5115447,4.58424425,4.78245449,4.85010386,4.84546947,4.92211819,5.00857496,..,..
Domestic general government health expenditure (% of GDP),SH.XPD.GHED.GD.ZS,Eswatini,SWZ,..,..,..,..,..,..,..,..,..,..,..,..,..,..,..,..,..,..,..,..,..,..,..,..,..,..,..,..,2.41081047,2.38431859,2.4225831,2.91704059,3.02394485,3.64060402,3.45948792,3.75410509,4.45391893,4.46149063,4.22809029,3.61155915,3.41327739,3.32484841,2.74012327,2.94784832,2.84598303,3.54254961,3.51297188,3.44011402,..,..
Domestic general government health expenditure (% of GDP),SH.XPD.GHED.GD.ZS,Ethiopia,ETH,..,..,..,..,..,..,..,..,..,..,..,..,..,..,..,..,..,..,..,..,..,..,..,..,..,..,..,..,1.79954505,2.01542234,2.08121467,2.27634859,1.32523537,1.72821558,1.1201272,1.33306789,0.51425028,0.90700835,0.94396371,0.38117662,1.06663215,1.0996722,0.71479219,0.96540976,0.90002781,0.86126679,0.77089483,0.73514652,..,..
Domestic general government health expenditure (% of GDP),SH.XPD.GHED.GD.ZS,Faroe Islands,FRO,..,..,..,..,..,..,..,..,..,..,..,..,..,..,..,..,..,..,..,..,..,..,..,..,..,..,..,..,..,..,..,..,..,..,..,..,..,..,..,..,..,..,..,..,..,..,..,..,..,..
Domestic general government health expenditure (% of GDP),SH.XPD.GHED.GD.ZS,Fiji,FJI,..,..,..,..,..,..,..,..,..,..,..,..,..,..,..,..,..,..,..,..,..,..,..,..,..,..,..,..,2.63133216,2.08654332,2.20177889,2.22326541,2.21771884,2.41684818,2.47551131,2.46818185,2.21144342,2.19237089,2.18311357,1.88993454,1.91403723,1.87161994,2.0661068,2.09847856,2.09586525,2.11070943,2.31982136,2.49526525,..,..
Domestic general government health expenditure (% of GDP),SH.XPD.GHED.GD.ZS,Finland,FIN,..,..,..,..,..,..,..,..,..,..,..,..,..,..,..,..,..,..,..,..,..,..,..,..,..,..,..,..,5.37109375,5.52642822,5.85965347,6.13726616,6.27308273,6.44868755,6.52324486,6.35544682,6.57666636,7.23975086,7.1804533,7.30151606,7.64987373,7.79147577,7.78149462,7.577631,7.29918051,7.11996555,7.09846258,7.33806992,..,..
Domestic general government health expenditure (% of GDP),SH.XPD.GHED.GD.ZS,France,FRA,..,..,..,..,..,..,..,..,..,..,..,..,..,..,..,..,..,..,..,..,..,..,..,..,..,..,..,..,6.97070265,7.06165648,7.31639624,7.32370901,7.3839097,7.41065979,7.40223742,7.33408403,7.4163928,7.97806454,7.9076767,7.85247898,7.94105148,8.04127502,8.13847065,8.2843132,8.61875916,8.59649086,8.49391079,8.32757092,..,..
Domestic general government health expenditure (% of GDP),SH.XPD.GHED.GD.ZS,French Polynesia,PYF,..,..,..,..,..,..,..,..,..,..,..,..,..,..,..,..,..,..,..,..,..,..,..,..,..,..,..,..,..,..,..,..,..,..,..,..,..,..,..,..,..,..,..,..,..,..,..,..,..,..
Domestic general government health expenditure (% of GDP),SH.XPD.GHED.GD.ZS,Gabon,GAB,..,..,..,..,..,..,..,..,..,..,..,..,..,..,..,..,..,..,..,..,..,..,..,..,..,..,..,..,1.06383753,1.26300156,1.1996057,1.43528521,1.35957193,1.05433357,1.21738088,1.23346984,1.06247258,1.54066825,1.57325673,1.58558393,1.48285818,1.82302856,1.51668763,1.56549311,2.01055026,1.759763,1.60853457,1.66962504,..,..
Domestic general government health expenditure (% of GDP),SH.XPD.GHED.GD.ZS,"Gambia, The",GMB,..,..,..,..,..,..,..,..,..,..,..,..,..,..,..,..,..,..,..,..,..,..,..,..,..,..,..,..,0.58467138,0.59348536,0.52695286,0.5704515,0.75893098,0.79390073,0.85979617,0.68640298,0.70842141,0.8801949,0.8924976,1.01449692,1.17241848,1.08376515,1.09228694,0.99829203,1.2897681,1.06097889,1.0711875,1.04134357,..,..
Domestic general government health expenditure (% of GDP),SH.XPD.GHED.GD.ZS,Georgia,GEO,..,..,..,..,..,..,..,..,..,..,..,..,..,..,..,..,..,..,..,..,..,..,..,..,..,..,..,..,0.82085955,1.13540304,1.12198305,1.14707553,1.17821789,1.20532358,1.18501806,1.09324026,1.53493118,2.0496459,1.93382823,1.4011538,1.56462336,1.85709786,2.18159604,2.64034176,2.93001461,2.62671113,2.80701351,2.7172761,..,..
Domestic general government health expenditure (% of GDP),SH.XPD.GHED.GD.ZS,Germany,DEU,..,..,..,..,..,..,..,..,..,..,..,..,..,..,..,..,..,..,..,..,..,..,..,..,..,..,..,..,7.73300314,7.75543833,7.92531824,8.05242443,7.70044041,7.80344439,7.65940762,7.55543995,7.71768188,8.50212383,8.39900112,8.12801647,8.18807316,8.40567684,8.48952866,8.60765076,8.68237877,8.80528641,8.88178158,9.09177876,..,..
Domestic general government health expenditure (% of GDP),SH.XPD.GHED.GD.ZS,Ghana,GHA,..,..,..,..,..,..,..,..,..,..,..,..,..,..,..,..,..,..,..,..,..,..,..,..,..,..,..,..,0.77580416,1.06371319,0.6973545,0.82477731,0.72471851,1.46986449,1.47501886,1.64793336,1.76051533,2.1821301,2.38449693,2.36648655,1.98409915,1.8705864,1.43829823,1.62140036,1.32770717,1.08722985,1.37648439,1.3756671,..,..
Domestic general government health expenditure (% of GDP),SH.XPD.GHED.GD.ZS,Gibraltar,GIB,..,..,..,..,..,..,..,..,..,..,..,..,..,..,..,..,..,..,..,..,..,..,..,..,..,..,..,..,..,..,..,..,..,..,..,..,..,..,..,..,..,..,..,..,..,..,..,..,..,..
Domestic general government health expenditure (% of GDP),SH.XPD.GHED.GD.ZS,Greece,GRC,..,..,..,..,..,..,..,..,..,..,..,..,..,..,..,..,..,..,..,..,..,..,..,..,..,..,..,..,4.46380281,5.04882431,4.97795296,5.05799437,4.74509525,5.21023846,5.08809328,5.31898928,5.7675848,6.42686462,6.61249924,6.04027748,5.67585993,5.10615826,4.50618839,4.58808708,4.33708858,4.22217941,4.1116519,3.77202368,..,..
Domestic general government health expenditure (% of GDP),SH.XPD.GHED.GD.ZS,Greenland,GRL,..,..,..,..,..,..,..,..,..,..,..,..,..,..,..,..,..,..,..,..,..,..,..,..,..,..,..,..,..,..,..,..,..,..,..,..,..,..,..,..,..,..,..,..,..,..,..,..,..,..
Domestic general government health expenditure (% of GDP),SH.XPD.GHED.GD.ZS,Grenada,GRD,..,..,..,..,..,..,..,..,..,..,..,..,..,..,..,..,..,..,..,..,..,..,..,..,..,..,..,..,1.86039829,2.14943409,2.71163964,2.16133189,2.59474087,2.42088819,2.04412723,2.00870275,1.96291316,2.17009401,2.05670786,2.41611266,2.38694572,2.27822328,2.09314442,1.93493724,1.76571214,1.88796353,1.86228776,2.05514193,..,..
Domestic general government health expenditure (% of GDP),SH.XPD.GHED.GD.ZS,Guam,GUM,..,..,..,..,..,..,..,..,..,..,..,..,..,..,..,..,..,..,..,..,..,..,..,..,..,..,..,..,..,..,..,..,..,..,..,..,..,..,..,..,..,..,..,..,..,..,..,..,..,..
Domestic general government health expenditure (% of GDP),SH.XPD.GHED.GD.ZS,Guatemala,GTM,..,..,..,..,..,..,..,..,..,..,..,..,..,..,..,..,..,..,..,..,..,..,..,..,..,..,..,..,1.91270578,1.98151731,1.94472075,2.04143453,2.02383399,1.88115692,2.06660724,1.97886395,2.05417776,2.25978446,2.06141663,1.99350357,2.02623343,2.21485376,2.2379632,2.27820134,2.28762269,2.2005887,2.20523524,2.38681698,..,..
Domestic general government health expenditure (% of GDP),SH.XPD.GHED.GD.ZS,Guinea,GIN,..,..,..,..,..,..,..,..,..,..,..,..,..,..,..,..,..,..,..,..,..,..,..,..,..,..,..,..,0.3012518,0.37107077,0.64011812,0.42212996,0.24164152,0.26129073,0.24835719,0.24066733,0.26959306,0.26025116,0.36297843,0.51036745,0.51431358,0.48858508,0.61062747,0.42931205,0.66376048,0.59996831,0.60100216,0.89733303,..,..
Domestic general government health expenditure (% of GDP),SH.XPD.GHED.GD.ZS,Guinea-Bissau,GNB,..,..,..,..,..,..,..,..,..,..,..,..,..,..,..,..,..,..,..,..,..,..,..,..,..,..,..,..,3.14870167,2.88784122,1.7342999,2.24631,3.22254682,2.6890204,2.48776817,2.52953649,2.21401811,2.66725206,1.03795934,0.43690559,0.50444686,0.55160207,0.59649962,0.53779852,0.48464295,0.49838862,0.55349988,0.53241199,..,..
Domestic general government health expenditure (% of GDP),SH.XPD.GHED.GD.ZS,Guyana,GUY,..,..,..,..,..,..,..,..,..,..,..,..,..,..,..,..,..,..,..,..,..,..,..,..,..,..,..,..,1.78830886,1.63222313,1.73537362,1.72906756,1.73979592,1.78054142,1.65196764,1.68370438,1.69491994,1.88041234,1.81934333,2.02701139,1.79707813,1.88811827,2.1751008,2.35677791,2.5319159,2.79179382,2.95149136,2.93101764,..,..
Domestic general government health expenditure (% of GDP),SH.XPD.GHED.GD.ZS,Haiti,HTI,..,..,..,..,..,..,..,..,..,..,..,..,..,..,..,..,..,..,..,..,..,..,..,..,..,..,..,..,0.86399877,0.72340935,0.48501268,0.49904776,0.58947575,0.59453064,0.29385617,0.81008244,0.84028471,0.80493104,0.82650578,0.42167205,0.45754522,0.48876396,0.47937906,0.55998266,0.53998089,0.56357861,0.55767161,0.52095848,..,..
Domestic general government health expenditure (% of GDP),SH.XPD.GHED.GD.ZS,Honduras,HND,..,..,..,..,..,..,..,..,..,..,..,..,..,..,..,..,..,..,..,..,..,..,..,..,..,..,..,..,3.02285886,2.49121737,2.54012251,2.61311603,2.45127177,2.91977572,3.27406335,3.33394718,3.31875801,3.96730256,3.69605827,3.89370441,3.3830452,3.4937377,3.19305706,2.94796515,3.07464957,2.83728838,2.83169007,2.85265684,..,..
Domestic general government health expenditure (% of GDP),SH.XPD.GHED.GD.ZS,"Hong Kong SAR, China",HKG,..,..,..,..,..,..,..,..,..,..,..,..,..,..,..,..,..,..,..,..,..,..,..,..,..,..,..,..,..,..,..,..,..,..,..,..,..,..,..,..,..,..,..,..,..,..,..,..,..,..
Domestic general government health expenditure (% of GDP),SH.XPD.GHED.GD.ZS,Hungary,HUN,..,..,..,..,..,..,..,..,..,..,..,..,..,..,..,..,..,..,..,..,..,..,..,..,..,..,..,..,4.66643333,4.56684017,4.93060112,5.68199396,5.40987921,5.61317968,5.47871208,4.89114428,4.80790472,4.92138481,4.97239828,4.96027899,4.8177495,4.79953051,4.71063042,4.6497283,4.73662853,4.617239,4.55338621,4.31688643,..,..
Domestic general government health expenditure (% of GDP),SH.XPD.GHED.GD.ZS,Iceland,ISL,..,..,..,..,..,..,..,..,..,..,..,..,..,..,..,..,..,..,..,..,..,..,..,..,..,..,..,..,7.19458771,7.07461071,7.70809269,7.90755463,7.55137873,7.24719477,6.98110819,6.85141087,6.85962439,7.16391802,6.67772865,6.56287003,6.53846169,6.55948162,6.62376881,6.52118683,6.59988451,6.81069565,6.9625082,7.16049767,..,..
Domestic general government health expenditure (% of GDP),SH.XPD.GHED.GD.ZS,India,IND,..,..,..,..,..,..,..,..,..,..,..,..,..,..,..,..,..,..,..,..,..,..,..,..,..,..,..,..,0.8344298,0.80468142,0.77020192,0.75024331,0.71163464,0.76303685,0.7453534,0.73512703,0.79527897,0.89261264,0.85750186,0.93731916,0.93186861,0.86504191,0.85653549,0.92193186,0.94049966,0.96734679,0.8878178,0.9882924,..,..
Domestic general government health expenditure (% of GDP),SH.XPD.GHED.GD.ZS,Indonesia,IDN,..,..,..,..,..,..,..,..,..,..,..,..,..,..,..,..,..,..,..,..,..,..,..,..,..,..,..,..,0.5497337,0.77221423,0.67425042,0.81785041,0.74926209,0.73213077,0.83084285,1.01869869,0.89791238,0.92164314,0.66109073,0.70177156,0.76724905,0.81686825,0.99250942,1.15799761,1.37558305,1.34984493,1.395854,1.42157829,..,..
Domestic general government health expenditure (% of GDP),SH.XPD.GHED.GD.ZS,"Iran, Islamic Rep.",IRN,..,..,..,..,..,..,..,..,..,..,..,..,..,..,..,..,..,..,..,..,..,..,..,..,..,..,..,..,1.80146801,2.06676865,1.876436,2.0367558,1.88239682,1.98597813,2.20625329,2.01693583,1.96143591,2.38414907,2.16590619,2.19298649,2.25898814,2.285882,3.40468502,3.91176152,4.33774042,4.34650517,3.88674212,3.32201433,..,..
Domestic general government health expenditure (% of GDP),SH.XPD.GHED.GD.ZS,Iraq,IRQ,..,..,..,..,..,..,..,..,..,..,..,..,..,..,..,..,..,..,..,..,..,..,..,..,..,..,..,..,..,..,..,1.35636818,2.72581029,2.02030635,1.60889304,2.03766322,2.38125706,2.92355037,2.38663769,2.08887649,1.0089587,1.14635122,1.03747571,0.73074305,0.71533507,1.75485778,2.0427351,2.2101748,..,..
Domestic general government health expenditure (% of GDP),SH.XPD.GHED.GD.ZS,Ireland,IRL,..,..,..,..,..,..,..,..,..,..,..,..,..,..,..,..,..,..,..,..,..,..,..,..,..,..,..,..,4.57660961,5.0174408,5.27241421,5.52104282,5.70013952,6.03010559,5.84978437,6.18444777,7.22561455,8.09736061,8.00348186,7.67608261,7.64280462,7.26879978,6.77029276,5.26821184,5.39948225,5.15522861,5.08517361,4.98130083,..,..
Domestic general government health expenditure (% of GDP),SH.XPD.GHED.GD.ZS,Isle of Man,IMN,..,..,..,..,..,..,..,..,..,..,..,..,..,..,..,..,..,..,..,..,..,..,..,..,..,..,..,..,..,..,..,..,..,..,..,..,..,..,..,..,..,..,..,..,..,..,..,..,..,..
Domestic general government health expenditure (% of GDP),SH.XPD.GHED.GD.ZS,Israel,ISR,..,..,..,..,..,..,..,..,..,..,..,..,..,..,..,..,..,..,..,..,..,..,..,..,..,..,..,..,4.28044367,4.51927042,4.56451702,4.41909742,4.33260584,4.26547098,4.30399895,4.16990328,4.2657795,4.32514524,4.40657234,4.37532711,4.45454311,4.48874855,4.50931168,4.50208521,4.54183674,4.65674925,4.86226082,4.83341503,..,..
Domestic general government health expenditure (% of GDP),SH.XPD.GHED.GD.ZS,Italy,ITA,..,..,..,..,..,..,..,..,..,..,..,..,..,..,..,..,..,..,..,..,..,..,..,..,..,..,..,..,5.49627781,5.77401066,5.89694309,5.90086746,6.22569847,6.46201897,6.55959702,6.30452633,6.62789488,7.00957918,6.9949379,6.7571559,6.66466141,6.64814186,6.68862152,6.59266424,6.49173546,6.39856386,6.40597105,6.40774679,..,..
Domestic general government health expenditure (% of GDP),SH.XPD.GHED.GD.ZS,Jamaica,JAM,..,..,..,..,..,..,..,..,..,..,..,..,..,..,..,..,..,..,..,..,..,..,..,..,..,..,..,..,3.18738079,2.40047431,2.76125193,2.04667401,2.47339988,2.23363161,2.00050378,2.66426182,2.95135403,2.94775486,3.04630113,3.09657669,2.78245997,2.97219205,3.06122088,3.55883765,3.62553787,4.06523371,3.88880515,3.97862124,..,..
Domestic general government health expenditure (% of GDP),SH.XPD.GHED.GD.ZS,Japan,JPN,..,..,..,..,..,..,..,..,..,..,..,..,..,..,..,..,..,..,..,..,..,..,..,..,..,..,..,..,5.65793514,5.86137772,5.93724489,5.98652935,6.04880905,6.21599388,6.17422676,6.32067156,6.56596708,7.28296947,7.42507124,8.78255081,8.9568243,8.99433613,9.02501678,9.03866768,8.95745564,8.97414494,9.00402641,9.00933933,..,..
Domestic general government health expenditure (% of GDP),SH.XPD.GHED.GD.ZS,Jordan,JOR,..,..,..,..,..,..,..,..,..,..,..,..,..,..,..,..,..,..,..,..,..,..,..,..,..,..,..,..,4.20303917,4.37366676,4.4390521,4.11859417,3.44000936,4.44371986,4.0058136,4.5643487,5.13681602,6.18757915,5.45029879,5.49565887,5.03539467,4.41074276,4.64796257,3.99459672,3.47255588,3.57597733,3.76851439,3.8803432,..,..
Domestic general government health expenditure (% of GDP),SH.XPD.GHED.GD.ZS,Kazakhstan,KAZ,..,..,..,..,..,..,..,..,..,..,..,..,..,..,..,..,..,..,..,..,..,..,..,..,..,..,..,..,2.1195817,1.96616614,1.93378139,2.04059863,2.32005072,2.53249097,2.31393433,1.79149234,2.26626062,2.65606928,1.84399521,1.84243858,2.06988883,1.84699535,2.13331342,1.91990709,2.04025173,1.89267063,1.71429646,1.67075253,..,..
Domestic general government health expenditure (% of GDP),SH.XPD.GHED.GD.ZS,Kenya,KEN,..,..,..,..,..,..,..,..,..,..,..,..,..,..,..,..,..,..,..,..,..,..,..,..,..,..,..,..,1.3265835,1.39981031,1.50157619,1.48842263,1.41600752,1.48269117,1.45845628,1.55638492,1.63804531,1.68060637,1.77154577,1.79380906,1.81927824,1.85911059,2.04217196,2.10761213,2.2007997,1.77812445,1.85613954,2.11127639,..,..
Domestic general government health expenditure (% of GDP),SH.XPD.GHED.GD.ZS,Kiribati,KIR,..,..,..,..,..,..,..,..,..,..,..,..,..,..,..,..,..,..,..,..,..,..,..,..,..,..,..,..,8.35801697,11.8736887,11.40624046,10.25741005,12.06273365,11.09584999,9.60938358,9.15723324,10.5,8.59411716,8.41764736,8.13068199,7.63586998,7.77604151,8.2311554,6.80701733,7.41373968,8.08713627,8.70329475,8.44735909,..,..
Domestic general government health expenditure (% of GDP),SH.XPD.GHED.GD.ZS,"Korea, Dem. People's Rep.",PRK,..,..,..,..,..,..,..,..,..,..,..,..,..,..,..,..,..,..,..,..,..,..,..,..,..,..,..,..,..,..,..,..,..,..,..,..,..,..,..,..,..,..,..,..,..,..,..,..,..,..
Domestic general government health expenditure (% of GDP),SH.XPD.GHED.GD.ZS,"Korea, Rep.",KOR,..,..,..,..,..,..,..,..,..,..,..,..,..,..,..,..,..,..,..,..,..,..,..,..,..,..,..,..,1.96156311,2.4766221,2.35344291,2.47796965,2.48939943,2.63443613,2.91707134,3.01493216,3.09052038,3.42186904,3.51182413,3.51881123,3.53646016,3.61362767,3.71141768,3.81570315,3.97724891,4.11588812,4.40991306,4.8600049,..,..
Domestic general government health expenditure (% of GDP),SH.XPD.GHED.GD.ZS,Kosovo,XKX,..,..,..,..,..,..,..,..,..,..,..,..,..,..,..,..,..,..,..,..,..,..,..,..,..,..,..,..,..,..,..,..,..,..,..,..,..,..,..,..,..,..,..,..,..,..,..,..,..,..
Domestic general government health expenditure (% of GDP),SH.XPD.GHED.GD.ZS,Kuwait,KWT,..,..,..,..,..,..,..,..,..,..,..,..,..,..,..,..,..,..,..,..,..,..,..,..,..,..,..,..,1.59847903,2.51523924,2.39986205,2.12393045,1.79756808,1.53422332,1.39375639,1.47248399,1.50249875,2.20796156,2.25556993,1.97078478,1.94725168,2.08904266,2.46660924,3.57679915,4.03627825,3.98828053,4.49770689,4.77939463,..,..
Domestic general government health expenditure (% of GDP),SH.XPD.GHED.GD.ZS,Kyrgyz Republic,KGZ,..,..,..,..,..,..,..,..,..,..,..,..,..,..,..,..,..,..,..,..,..,..,..,..,..,..,..,..,2.13439822,2.00316715,2.21980429,2.26654887,2.33701825,3.79884839,4.2117753,3.08531475,2.89586782,3.48071527,3.41518068,3.69314885,4.22100592,3.94686079,2.74904537,2.71162796,2.49723411,2.34767461,2.4247191,2.31117272,..,..
Domestic general government health expenditure (% of GDP),SH.XPD.GHED.GD.ZS,Lao PDR,LAO,..,..,..,..,..,..,..,..,..,..,..,..,..,..,..,..,..,..,..,..,..,..,..,..,..,..,..,..,1.23306,1.32956684,1.01875472,1.0962522,0.79425526,0.90671813,0.64221591,0.57034886,0.51332533,1.14663947,0.60363609,0.36693901,0.43670171,0.71266264,0.68373322,0.86391306,0.76494843,0.88887793,0.8692286,0.9597249,..,..
Domestic general government health expenditure (% of GDP),SH.XPD.GHED.GD.ZS,Latvia,LVA,..,..,..,..,..,..,..,..,..,..,..,..,..,..,..,..,..,..,..,..,..,..,..,..,..,..,..,..,2.76095462,2.81548548,2.86075354,2.73558378,3.49227238,3.25704479,3.51881909,3.36080861,3.37836862,3.65007114,3.68302774,3.51926613,3.24725819,3.22127295,3.26178217,3.31828213,3.42661548,3.41296244,3.69703722,3.98357701,..,..
Domestic general government health expenditure (% of GDP),SH.XPD.GHED.GD.ZS,Lebanon,LBN,..,..,..,..,..,..,..,..,..,..,..,..,..,..,..,..,..,..,..,..,..,..,..,..,..,..,..,..,3.23033118,3.45373368,3.0508182,2.9405055,2.97050238,2.89967036,3.55161381,3.51307607,3.07545185,2.67665195,2.99844646,3.57469654,3.04556966,3.11619139,3.56868696,3.32042265,3.66814661,3.61839676,4.33740377,4.23522329,..,..
Domestic general government health expenditure (% of GDP),SH.XPD.GHED.GD.ZS,Lesotho,LSO,..,..,..,..,..,..,..,..,..,..,..,..,..,..,..,..,..,..,..,..,..,..,..,..,..,..,..,..,3.16541862,3.98203588,3.55323148,3.55934095,3.45754099,2.62982488,3.45185184,4.63943386,4.36957884,4.8653245,4.71744442,5.3710618,4.8238101,4.62350416,4.93263674,5.31240797,5.07716894,5.56193066,5.14240551,4.90647459,..,..
Domestic general government health expenditure (% of GDP),SH.XPD.GHED.GD.ZS,Liberia,LBR,..,..,..,..,..,..,..,..,..,..,..,..,..,..,..,..,..,..,..,..,..,..,..,..,..,..,..,..,0.75278145,0.79391885,0.4877204,0.53112721,0.69292557,0.57326448,0.7014606,0.82155901,1.36841381,0.96264893,0.79593855,1.51699734,0.87222826,0.34224948,0.82515395,1.20691144,1.3923043,1.38163269,1.68725491,1.36336625,..,..
Domestic general government health expenditure (% of GDP),SH.XPD.GHED.GD.ZS,Libya,LBY,..,..,..,..,..,..,..,..,..,..,..,..,..,..,..,..,..,..,..,..,..,..,..,..,..,..,..,..,1.66848433,2.20700526,3.27200246,2.71631241,2.29707551,1.67952847,1.64355707,1.62192392,1.78327763,2.94994569,2.5075686,3.82936382,..,..,..,..,..,..,..,..,..,..
Domestic general government health expenditure (% of GDP),SH.XPD.GHED.GD.ZS,Liechtenstein,LIE,..,..,..,..,..,..,..,..,..,..,..,..,..,..,..,..,..,..,..,..,..,..,..,..,..,..,..,..,..,..,..,..,..,..,..,..,..,..,..,..,..,..,..,..,..,..,..,..,..,..
Domestic general government health expenditure (% of GDP),SH.XPD.GHED.GD.ZS,Lithuania,LTU,..,..,..,..,..,..,..,..,..,..,..,..,..,..,..,..,..,..,..,..,..,..,..,..,..,..,..,..,4.16963911,4.22169447,4.47404003,4.59737206,3.45182204,3.42871761,3.64860749,3.79473901,4.45161343,5.29426765,4.8445034,4.5629921,4.18076372,4.01803207,4.12314367,4.28938293,4.36463356,4.21900225,4.31181335,4.56012249,..,..
Domestic general government health expenditure (% of GDP),SH.XPD.GHED.GD.ZS,Luxembourg,LUX,..,..,..,..,..,..,..,..,..,..,..,..,..,..,..,..,..,..,..,..,..,..,..,..,..,..,..,..,4.91304493,5.38587666,5.65616369,5.84524488,6.20779228,6.04404736,5.62143087,5.32250071,5.73098135,6.3649168,6.0416913,5.15382862,4.66995001,4.63559723,4.58126831,4.46510792,4.38643408,4.45764399,4.48882246,4.61186886,..,..
Domestic general government health expenditure (% of GDP),SH.XPD.GHED.GD.ZS,"Macao SAR, China",MAC,..,..,..,..,..,..,..,..,..,..,..,..,..,..,..,..,..,..,..,..,..,..,..,..,..,..,..,..,..,..,..,..,..,..,..,..,..,..,..,..,..,..,..,..,..,..,..,..,..,..
Domestic general government health expenditure (% of GDP),SH.XPD.GHED.GD.ZS,Madagascar,MDG,..,..,..,..,..,..,..,..,..,..,..,..,..,..,..,..,..,..,..,..,..,..,..,..,..,..,..,..,1.76788807,1.8792789,1.78953373,2.13789773,2.19151711,1.93915868,1.88154256,1.88316441,1.39414191,1.23608434,1.86783433,1.67813408,1.48979211,1.30425894,1.748142,1.99011004,2.37194586,2.24615145,1.48056126,1.18677306,..,..
Domestic general government health expenditure (% of GDP),SH.XPD.GHED.GD.ZS,Malawi,MWI,..,..,..,..,..,..,..,..,..,..,..,..,..,..,..,..,..,..,..,..,..,..,..,..,..,..,..,..,1.42971563,1.17792249,1.37270689,1.65459454,1.20767212,1.48226893,1.32874441,1.03428984,1.92540812,1.48650408,1.59380233,1.62257183,1.34665346,2.08672738,2.20789266,2.67399311,2.69071293,2.4679451,2.40220785,2.40971565,..,..
Domestic general government health expenditure (% of GDP),SH.XPD.GHED.GD.ZS,Malaysia,MYS,..,..,..,..,..,..,..,..,..,..,..,..,..,..,..,..,..,..,..,..,..,..,..,..,..,..,..,..,1.17325473,1.35142004,1.36677563,1.51884329,1.45687652,1.36280441,1.67488027,1.62477767,1.59730816,1.81166101,1.67910564,1.76482272,1.86487269,1.89357066,2.03088164,2.03361416,1.8888557,1.92218924,1.92385709,1.99659598,..,..
Domestic general government health expenditure (% of GDP),SH.XPD.GHED.GD.ZS,Maldives,MDV,..,..,..,..,..,..,..,..,..,..,..,..,..,..,..,..,..,..,..,..,..,..,..,..,..,..,..,..,2.56440163,2.67766237,2.54975939,2.1482141,2.31102324,2.96756434,2.95987701,3.91466427,6.397439,5.82381392,4.49513102,3.67702579,4.20904255,4.29976511,4.904356,6.26598072,7.42592907,6.60335445,5.77973032,6.39314747,..,..
Domestic general government health expenditure (% of GDP),SH.XPD.GHED.GD.ZS,Mali,MLI,..,..,..,..,..,..,..,..,..,..,..,..,..,..,..,..,..,..,..,..,..,..,..,..,..,..,..,..,1.2936579,1.05447149,1.11018836,1.41262007,1.58854032,1.3972441,1.22407377,0.99664676,0.71611649,0.66759121,0.66898072,0.6047585,0.4135493,0.81583822,0.89173353,0.91927379,1.20876765,1.17751443,1.15118265,1.31026745,..,..
Domestic general government health expenditure (% of GDP),SH.XPD.GHED.GD.ZS,Malta,MLT,..,..,..,..,..,..,..,..,..,..,..,..,..,..,..,..,..,..,..,..,..,..,..,..,..,..,..,..,4.7191391,4.80657053,5.42563581,5.51436043,5.59697676,5.98918438,6.03368521,5.45740271,5.09184694,5.14409876,5.13512707,5.44435787,5.49935532,5.73996449,5.59774208,5.41260624,5.63705349,5.59465122,5.59290552,5.1835227,..,..
Domestic general government health expenditure (% of GDP),SH.XPD.GHED.GD.ZS,Marshall Islands,MHL,..,..,..,..,..,..,..,..,..,..,..,..,..,..,..,..,..,..,..,..,..,..,..,..,..,..,..,..,9.6590271,7.94652939,6.33025169,6.00762606,6.57158852,5.64226294,4.22558594,7.22997999,5.55293751,5.50679922,4.55618143,5.87766457,6.04399681,6.63874435,5.8822217,6.47802925,6.95125294,6.2037673,7.34779596,6.72698307,..,..
Domestic general government health expenditure (% of GDP),SH.XPD.GHED.GD.ZS,Mauritania,MRT,..,..,..,..,..,..,..,..,..,..,..,..,..,..,..,..,..,..,..,..,..,..,..,..,..,..,..,..,0.46969447,0.54510015,0.87326568,0.7719968,0.70654863,0.81955862,0.67619681,0.76387835,0.8877672,0.87885523,0.73150158,0.74974966,0.89773965,1.08287692,1.25234473,1.41883922,1.19934916,1.23883033,1.40456009,1.23795974,..,..
Domestic general government health expenditure (% of GDP),SH.XPD.GHED.GD.ZS,Mauritius,MUS,..,..,..,..,..,..,..,..,..,..,..,..,..,..,..,..,..,..,..,..,..,..,..,..,..,..,..,..,1.55006421,1.59244609,1.70967305,1.69130635,1.82723427,1.71797502,1.64005268,1.49295294,1.40839159,1.60115862,2.021703,1.77170992,1.9007318,1.95769048,2.47630405,2.37549067,2.51740336,2.55904102,2.577914,2.91634917,..,..
Domestic general government health expenditure (% of GDP),SH.XPD.GHED.GD.ZS,Mexico,MEX,..,..,..,..,..,..,..,..,..,..,..,..,..,..,..,..,..,..,..,..,..,..,..,..,..,..,..,..,2.01177883,2.10927391,2.16505718,2.4137032,2.58744621,2.46497631,2.4219811,2.52675962,2.61655498,2.86067677,2.8809936,2.91415977,3.00721955,3.12253189,2.89231014,2.98734331,2.84779787,2.75801349,2.6718502,2.67891455,..,..
Domestic general government health expenditure (% of GDP),SH.XPD.GHED.GD.ZS,"Micronesia, Fed. Sts.",FSM,..,..,..,..,..,..,..,..,..,..,..,..,..,..,..,..,..,..,..,..,..,..,..,..,..,..,..,..,1.74815881,1.82439423,1.69748759,2.1074121,2.32524157,2.65960002,2.6138339,2.45827222,2.94638777,2.18535709,2.28946137,3.035074,2.57380128,2.76707363,3.33988452,3.21473742,3.48056149,3.15361023,3.06692934,3.24186134,..,..
Domestic general government health expenditure (% of GDP),SH.XPD.GHED.GD.ZS,Moldova,MDA,..,..,..,..,..,..,..,..,..,..,..,..,..,..,..,..,..,..,..,..,..,..,..,..,..,..,..,..,2.90143156,2.86584091,3.54672813,3.2140553,5.30847454,5.03950357,5.19462681,5.62990999,5.27913141,5.83283806,4.64634132,4.24517536,4.43541145,4.05499315,4.25988197,3.89704299,3.67679548,3.54974651,3.72367048,3.806777,..,..
Domestic general government health expenditure (% of GDP),SH.XPD.GHED.GD.ZS,Monaco,MCO,..,..,..,..,..,..,..,..,..,..,..,..,..,..,..,..,..,..,..,..,..,..,..,..,..,..,..,..,1.38950801,1.41287422,1.43587124,1.68862307,1.72502542,1.71566033,1.63256979,1.43369567,1.55009162,1.85140824,1.89827108,1.76817966,1.81689394,1.74396694,1.69046283,1.64066231,1.39201593,1.40973783,1.36812961,1.29580438,..,..
Domestic general government health expenditure (% of GDP),SH.XPD.GHED.GD.ZS,Mongolia,MNG,..,..,..,..,..,..,..,..,..,..,..,..,..,..,..,..,..,..,..,..,..,..,..,..,..,..,..,..,3.61938214,2.98982215,3.04936886,2.38488436,2.28126287,2.27265048,2.49133945,2.88185287,3.21819377,3.10174775,2.44484329,2.13192821,2.3420372,2.26160574,2.37262917,2.3892858,2.62486672,2.47065425,2.21058345,2.13345003,..,..
Domestic general government health expenditure (% of GDP),SH.XPD.GHED.GD.ZS,Montenegro,MNE,..,..,..,..,..,..,..,..,..,..,..,..,..,..,..,..,..,..,..,..,..,..,..,..,..,..,..,..,..,..,..,..,..,..,..,..,..,..,..,4.85758018,5.30493546,4.89768028,4.85656452,5.39562273,5.18993425,4.58153057,4.96868992,5.06746101,..,..
Domestic general government health expenditure (% of GDP),SH.XPD.GHED.GD.ZS,Morocco,MAR,..,..,..,..,..,..,..,..,..,..,..,..,..,..,..,..,..,..,..,..,..,..,..,..,..,..,..,..,0.98038715,1.08517265,1.22339368,1.24859071,1.2867744,1.23509276,1.82198548,2.20344329,2.12861419,2.51896167,2.3400414,2.35246205,2.44358778,2.51814461,2.15468311,2.10449672,2.22725797,2.25100017,2.14312124,2.11682343,..,..
Domestic general government health expenditure (% of GDP),SH.XPD.GHED.GD.ZS,Mozambique,MOZ,..,..,..,..,..,..,..,..,..,..,..,..,..,..,..,..,..,..,..,..,..,..,..,..,..,..,..,..,1.15973294,1.39558089,1.24442005,1.23728788,1.17379761,1.48580933,1.1874361,1.21582115,1.24023449,1.31463063,1.28007519,1.27621472,1.26101863,1.51853013,1.74078834,1.81552148,1.63326025,1.66512334,1.811064,1.66722643,..,..
Domestic general government health expenditure (% of GDP),SH.XPD.GHED.GD.ZS,Myanmar,MMR,..,..,..,..,..,..,..,..,..,..,..,..,..,..,..,..,..,..,..,..,..,..,..,..,..,..,..,..,0.26258931,0.24215327,0.35882044,0.24302946,0.25223461,0.16990875,0.26902619,0.20322418,0.17093375,0.18705817,0.19247182,0.23041078,0.41500771,0.60410887,1.06255651,1.20470119,0.71513724,0.75167263,0.72659922,0.73722625,..,..
Domestic general government health expenditure (% of GDP),SH.XPD.GHED.GD.ZS,Namibia,NAM,..,..,..,..,..,..,..,..,..,..,..,..,..,..,..,..,..,..,..,..,..,..,..,..,..,..,..,..,4.85066414,4.9487524,5.16812229,5.27504635,4.97990847,4.54677391,4.16533232,4.68895483,4.13121605,3.45770502,3.98765874,4.09209919,3.87052751,4.18122244,3.883605,4.21268463,4.37176323,4.05778646,3.8711977,3.98512077,..,..
Domestic general government health expenditure (% of GDP),SH.XPD.GHED.GD.ZS,Nauru,NRU,..,..,..,..,..,..,..,..,..,..,..,..,..,..,..,..,..,..,..,..,..,..,..,..,..,..,..,..,15.92757988,12.38502789,9.38507462,7.13988781,4.67242718,9.26190281,10.87369251,16.81926346,12.60140991,6.32094669,7.59175587,5.58895636,4.19441795,5.12801552,5.84321594,8.27350807,9.65461922,8.42948341,7.13436508,8.44230652,..,..
Domestic general government health expenditure (% of GDP),SH.XPD.GHED.GD.ZS,Nepal,NPL,..,..,..,..,..,..,..,..,..,..,..,..,..,..,..,..,..,..,..,..,..,..,..,..,..,..,..,..,0.48485136,0.58291328,0.79097205,0.65877509,0.64549148,0.7515617,0.84521472,0.67676955,0.70963746,0.79475653,0.78889084,0.79485244,0.78674686,0.75677407,0.87364477,0.90927666,1.00771809,1.06542468,1.0672121,1.10280871,..,..
Domestic general government health expenditure (% of GDP),SH.XPD.GHED.GD.ZS,Netherlands,NLD,..,..,..,..,..,..,..,..,..,..,..,..,..,..,..,..,..,..,..,..,..,..,..,..,..,..,..,..,5.32093525,5.61175919,6.05263615,6.35459518,6.24974012,6.22418928,6.36853218,6.26968384,6.17801666,6.66408443,6.8305521,6.88881063,7.03803921,7.12333632,7.14843035,6.81934118,6.74071836,6.501966,6.59804344,6.67556286,..,..
Domestic general government health expenditure (% of GDP),SH.XPD.GHED.GD.ZS,New Caledonia,NCL,..,..,..,..,..,..,..,..,..,..,..,..,..,..,..,..,..,..,..,..,..,..,..,..,..,..,..,..,..,..,..,..,..,..,..,..,..,..,..,..,..,..,..,..,..,..,..,..,..,..
Domestic general government health expenditure (% of GDP),SH.XPD.GHED.GD.ZS,New Zealand,NZL,..,..,..,..,..,..,..,..,..,..,..,..,..,..,..,..,..,..,..,..,..,..,..,..,..,..,..,..,5.56446981,5.54619789,5.92019367,5.82977438,6.08666468,6.36613941,6.67046022,6.60466051,7.0828371,7.4772172,7.50836039,7.49986553,7.5774231,7.2670989,7.28015327,6.93415546,6.88774443,6.8058548,6.89220285,7.36054611,..,..
Domestic general government health expenditure (% of GDP),SH.XPD.GHED.GD.ZS,Nicaragua,NIC,..,..,..,..,..,..,..,..,..,..,..,..,..,..,..,..,..,..,..,..,..,..,..,..,..,..,..,..,2.56712127,2.45915222,2.46180677,2.55710101,2.27378821,2.50809836,2.86238241,3.15306854,3.19054198,3.81332755,3.55465937,3.53044677,3.74920559,3.86888838,4.15811014,4.46586037,4.65122366,4.85718918,5.14394617,5.11949444,..,..
Domestic general government health expenditure (% of GDP),SH.XPD.GHED.GD.ZS,Niger,NER,..,..,..,..,..,..,..,..,..,..,..,..,..,..,..,..,..,..,..,..,..,..,..,..,..,..,..,..,1.1299994,1.14577365,1.20736766,1.07094729,1.18101335,1.92017889,2.05841351,1.50168777,1.55048287,1.53777564,1.31193805,1.27229667,1.03993475,1.34044743,1.27712488,1.11163175,1.10086405,1.88447475,1.76169312,2.02315378,..,..
Domestic general government health expenditure (% of GDP),SH.XPD.GHED.GD.ZS,Nigeria,NGA,..,..,..,..,..,..,..,..,..,..,..,..,..,..,..,..,..,..,..,..,..,..,..,..,..,..,..,..,0.5855943,0.85769314,0.53133202,0.92982912,1.20203364,1.14133215,0.90186709,0.77861226,0.66059947,0.57001245,0.44847032,0.47937733,0.54436678,0.48927841,0.44593188,0.58907843,0.47496936,0.53265768,0.49754339,0.48264918,..,..
Domestic general government health expenditure (% of GDP),SH.XPD.GHED.GD.ZS,North Macedonia,MKD,..,..,..,..,..,..,..,..,..,..,..,..,..,..,..,..,..,..,..,..,..,..,..,..,..,..,..,..,4.71220732,4.55789852,4.73120642,4.95398092,4.71959209,4.3757925,4.21515989,4.04007626,4.23244715,4.0919199,4.06657267,4.05699444,4.13496399,4.41111708,4.01871777,4.1193018,4.0607338,3.75674963,3.75730467,4.27757454,..,..
Domestic general government health expenditure (% of GDP),SH.XPD.GHED.GD.ZS,Northern Mariana Islands,MNP,..,..,..,..,..,..,..,..,..,..,..,..,..,..,..,..,..,..,..,..,..,..,..,..,..,..,..,..,..,..,..,..,..,..,..,..,..,..,..,..,..,..,..,..,..,..,..,..,..,..
Domestic general government health expenditure (% of GDP),SH.XPD.GHED.GD.ZS,Norway,NOR,..,..,..,..,..,..,..,..,..,..,..,..,..,..,..,..,..,..,..,..,..,..,..,..,..,..,..,..,6.29948092,6.64224243,7.46015739,7.66358662,7.32308102,6.91682911,6.59458923,6.73865318,6.69777393,7.66199064,7.54125357,7.41967487,7.43971157,7.59215212,7.97019529,8.66388416,9.04278946,8.78095436,8.59087181,9.02942657,..,..
Domestic general government health expenditure (% of GDP),SH.XPD.GHED.GD.ZS,Oman,OMN,..,..,..,..,..,..,..,..,..,..,..,..,..,..,..,..,..,..,..,..,..,..,..,..,..,..,..,..,2.50450325,2.52906299,2.65471292,2.6295166,2.43747163,2.1303525,1.86465871,1.96826851,1.58631074,2.30077767,2.33311391,2.08465838,2.10387325,2.43518567,3.1659863,3.84881783,3.87286758,3.46304131,3.59855247,3.51993251,..,..
Domestic general government health expenditure (% of GDP),SH.XPD.GHED.GD.ZS,Pakistan,PAK,..,..,..,..,..,..,..,..,..,..,..,..,..,..,..,..,..,..,..,..,..,..,..,..,..,..,..,..,1.01343751,0.95722342,1.07124019,0.60844594,0.65464771,0.59058839,0.48937705,0.66952825,0.56152743,0.56858444,0.57170916,0.6115551,0.67824304,0.70266861,0.698412,0.74002051,0.8632797,0.91669148,1.14399576,1.08106327,..,..
Domestic general government health expenditure (% of GDP),SH.XPD.GHED.GD.ZS,Palau,PLW,..,..,..,..,..,..,..,..,..,..,..,..,..,..,..,..,..,..,..,..,..,..,..,..,..,..,..,..,4.71452713,4.011724,3.58202171,3.97465181,4.17359781,3.49234819,3.67448854,3.41830707,3.05569339,3.99591279,4.08242226,4.05132198,4.29698181,4.6418066,4.42848301,3.93873167,6.33800554,6.09704494,6.37917376,6.81600857,..,..
Domestic general government health expenditure (% of GDP),SH.XPD.GHED.GD.ZS,Panama,PAN,..,..,..,..,..,..,..,..,..,..,..,..,..,..,..,..,..,..,..,..,..,..,..,..,..,..,..,..,4.6724925,4.5480547,4.58416319,4.31301737,4.64440823,3.81730461,4.2113142,4.69056416,4.65091705,4.74577045,4.7446928,4.31459713,3.98130608,4.15343904,4.31628656,4.30167627,4.80235195,4.42308235,4.69463491,5.01409578,..,..
Domestic general government health expenditure (% of GDP),SH.XPD.GHED.GD.ZS,Papua New Guinea,PNG,..,..,..,..,..,..,..,..,..,..,..,..,..,..,..,..,..,..,..,..,..,..,..,..,..,..,..,..,1.70150459,1.66755974,1.76445675,1.42519534,1.70005953,1.61288881,1.62889814,1.63440728,1.51408112,1.55684996,1.30032146,1.49705744,1.82221472,1.98455942,2.02066565,1.377828,1.67796278,1.68148077,1.58740938,1.32699835,..,..
Domestic general government health expenditure (% of GDP),SH.XPD.GHED.GD.ZS,Paraguay,PRY,..,..,..,..,..,..,..,..,..,..,..,..,..,..,..,..,..,..,..,..,..,..,..,..,..,..,..,..,2.32489133,1.94766593,1.46725595,1.63003397,1.59777296,1.58578682,1.76220965,1.73575354,1.62308908,2.12308335,2.13286233,2.46438074,3.03187323,2.64697933,3.16964984,3.16071367,3.15105963,3.02581453,3.01784396,3.29943347,..,..
Domestic general government health expenditure (% of GDP),SH.XPD.GHED.GD.ZS,Peru,PER,..,..,..,..,..,..,..,..,..,..,..,..,..,..,..,..,..,..,..,..,..,..,..,..,..,..,..,..,2.34087849,2.47586274,2.52271342,2.33570814,2.3036108,2.56580162,2.21611428,2.15426135,2.17107534,2.50614214,2.44732571,2.31069398,2.48822284,2.65844107,2.96458149,3.03156757,3.06615615,3.05735183,3.19640088,3.27981329,..,..
Domestic general government health expenditure (% of GDP),SH.XPD.GHED.GD.ZS,Philippines,PHL,..,..,..,..,..,..,..,..,..,..,..,..,..,..,..,..,..,..,..,..,..,..,..,..,..,..,..,..,1.35642099,1.15623629,0.97705805,1.11422086,1.08843338,1.23873734,1.21229088,1.1753732,1.16428411,1.2764082,1.31791437,1.06190205,1.09802592,1.12044704,1.26327133,1.46860576,1.47373426,1.48271859,1.53632784,1.65507495,..,..
Domestic general government health expenditure (% of GDP),SH.XPD.GHED.GD.ZS,Poland,POL,..,..,..,..,..,..,..,..,..,..,..,..,..,..,..,..,..,..,..,..,..,..,..,..,..,..,..,..,3.6070292,3.98644733,4.24438095,4.0827384,3.95899224,3.97908211,4.0025959,4.09294081,4.53992844,4.72637177,4.57513046,4.43206882,4.34607458,4.50933599,4.46653366,4.43369961,4.49653769,4.51487017,4.49809456,4.60206556,..,..
Domestic general government health expenditure (% of GDP),SH.XPD.GHED.GD.ZS,Portugal,PRT,..,..,..,..,..,..,..,..,..,..,..,..,..,..,..,..,..,..,..,..,..,..,..,..,..,..,..,..,5.99815702,6.05405998,6.32552147,6.44214296,6.72644234,6.84422255,5.93430281,5.8018589,5.98957777,6.46387577,6.67315197,6.27685404,5.91590166,5.85821247,5.76832533,5.74543381,5.78449821,5.68938971,5.75663471,5.80534792,..,..
Domestic general government health expenditure (% of GDP),SH.XPD.GHED.GD.ZS,Puerto Rico,PRI,..,..,..,..,..,..,..,..,..,..,..,..,..,..,..,..,..,..,..,..,..,..,..,..,..,..,..,..,..,..,..,..,..,..,..,..,..,..,..,..,..,..,..,..,..,..,..,..,..,..
Domestic general government health expenditure (% of GDP),SH.XPD.GHED.GD.ZS,Qatar,QAT,..,..,..,..,..,..,..,..,..,..,..,..,..,..,..,..,..,..,..,..,..,..,..,..,..,..,..,..,1.1739918,1.4624722,1.547966,2.62767673,2.38695359,1.92000175,1.71230626,1.54760242,1.2231462,1.69266605,1.32764482,1.17667866,1.38358474,1.74754524,2.10174274,2.50786638,2.61053419,2.25444651,1.87936616,2.11784458,..,..
Domestic general government health expenditure (% of GDP),SH.XPD.GHED.GD.ZS,Romania,ROU,..,..,..,..,..,..,..,..,..,..,..,..,..,..,..,..,..,..,..,..,..,..,..,..,..,..,..,..,3.33585477,3.48990417,3.6797502,4.46193647,4.04278946,4.40981054,4.02086115,4.09066439,4.07317638,4.15208244,4.606637,3.52538109,3.63839674,4.10288525,3.96122551,3.8559978,3.9118576,4.04785347,4.43120813,4.60361433,..,..
Domestic general government health expenditure (% of GDP),SH.XPD.GHED.GD.ZS,Russian Federation,RUS,..,..,..,..,..,..,..,..,..,..,..,..,..,..,..,..,..,..,..,..,..,..,..,..,..,..,..,..,2.9796474,3.04301357,3.21910429,3.00005722,2.79753423,2.91765976,2.94237685,2.94628835,3.07102203,3.50300717,3.05122614,3.00404215,3.14484024,3.16959071,3.20183849,3.10975885,3.01248789,3.05932808,3.18402338,3.45416021,..,..
Domestic general government health expenditure (% of GDP),SH.XPD.GHED.GD.ZS,Rwanda,RWA,..,..,..,..,..,..,..,..,..,..,..,..,..,..,..,..,..,..,..,..,..,..,..,..,..,..,..,..,0.77055204,0.8194021,0.88916981,2.66805673,2.19401336,1.83512509,1.47802389,1.74080563,1.80745983,1.87467706,2.03125215,2.1889236,2.04620838,2.16332793,2.18464565,2.09518266,2.22266674,2.22885251,2.34513021,2.56083989,..,..
Domestic general government health expenditure (% of GDP),SH.XPD.GHED.GD.ZS,Samoa,WSM,..,..,..,..,..,..,..,..,..,..,..,..,..,..,..,..,..,..,..,..,..,..,..,..,..,..,..,..,3.67396593,3.19824743,3.50715733,2.8892045,3.09871244,3.26160979,3.53131747,3.36175895,3.55778289,4.08571434,3.98514557,3.7005682,3.97828555,4.17282534,4.65756559,4.57855034,4.15667772,4.17152405,3.95124698,4.62225151,..,..
Domestic general government health expenditure (% of GDP),SH.XPD.GHED.GD.ZS,San Marino,SMR,..,..,..,..,..,..,..,..,..,..,..,..,..,..,..,..,..,..,..,..,..,..,..,..,..,..,..,..,4.30573463,4.26485729,4.03321981,3.63807344,3.74707913,3.8180902,3.87701797,4.07534933,4.34516525,5,5.35588455,6.06293154,6.56525183,6.30310535,6.13869047,5.86581326,5.47852278,6.01250553,5.73750877,5.2539835,..,..
Domestic general government health expenditure (% of GDP),SH.XPD.GHED.GD.ZS,Sao Tome and Principe,STP,..,..,..,..,..,..,..,..,..,..,..,..,..,..,..,..,..,..,..,..,..,..,..,..,..,..,..,..,3.44101644,3.634058,3.74996614,6.04740334,5.18748426,5.03072405,0.54853547,1.66388547,1.22299039,1.69961357,2.04733706,2.2490468,2.10990143,2.66235065,2.36508298,1.6886791,2.59254098,2.97378111,2.80085683,2.615448,..,..
Domestic general government health expenditure (% of GDP),SH.XPD.GHED.GD.ZS,Saudi Arabia,SAU,..,..,..,..,..,..,..,..,..,..,..,..,..,..,..,..,..,..,..,..,..,..,..,..,..,..,..,..,3.03455424,3.23656511,3.07290077,2.87984729,2.56183004,2.47836733,2.64139295,2.50739336,1.88940299,2.78823209,2.25921106,2.48944235,2.74472713,3.10786343,3.73111558,4.10729933,3.89302897,4.49946499,4.04107857,3.93484879,..,..
Domestic general government health expenditure (% of GDP),SH.XPD.GHED.GD.ZS,Senegal,SEN,..,..,..,..,..,..,..,..,..,..,..,..,..,..,..,..,..,..,..,..,..,..,..,..,..,..,..,..,1.25274837,1.4157685,1.33994246,1.54448271,1.62705243,1.59510672,1.75945425,1.31880593,1.38714373,1.40657866,1.16164362,1.3086288,1.21923661,1.17077088,1.08003676,1.07820702,1.06801879,0.95649564,0.96029741,1.03445733,..,..
Domestic general government health expenditure (% of GDP),SH.XPD.GHED.GD.ZS,Serbia,SRB,..,..,..,..,..,..,..,..,..,..,..,..,..,..,..,..,..,..,..,..,..,..,..,..,..,..,..,..,4.25277519,4.58423138,5.81696987,5.67921495,5.59158611,5.41879702,5.30469656,5.71749306,5.86349487,5.75797319,5.80803394,5.56660128,5.79036283,5.57050562,5.3827672,5.08387709,4.87051105,4.72497892,5.06508875,5.06028032,..,..
Domestic general government health expenditure (% of GDP),SH.XPD.GHED.GD.ZS,Seychelles,SYC,..,..,..,..,..,..,..,..,..,..,..,..,..,..,..,..,..,..,..,..,..,..,..,..,..,..,..,..,3.78593802,3.75857353,3.63683915,4.14589357,3.81282496,3.62017798,3.44340944,3.04300809,2.40282631,2.3870523,3.1060183,3.01365519,4.02018118,3.20524502,3.28967834,3.24531078,3.58577442,3.584553,3.89030385,3.7750895,..,..
Domestic general government health expenditure (% of GDP),SH.XPD.GHED.GD.ZS,Sierra Leone,SLE,..,..,..,..,..,..,..,..,..,..,..,..,..,..,..,..,..,..,..,..,..,..,..,..,..,..,..,..,2.07760787,2.51132965,2.80493784,2.20022702,2.09712267,1.72106218,1.08422685,1.07384515,0.63286781,0.93309212,1.27227974,0.88903224,0.95205742,0.80621624,1.33745706,1.64069068,1.84638989,0.85096198,0.76867908,1.22532105,..,..
Domestic general government health expenditure (% of GDP),SH.XPD.GHED.GD.ZS,Singapore,SGP,..,..,..,..,..,..,..,..,..,..,..,..,..,..,..,..,..,..,..,..,..,..,..,..,..,..,..,..,1.21474111,0.88201147,1.05214131,1.3372829,1.02267361,1.00069582,0.99547803,0.95031679,1.19189215,1.18541074,1.14910603,1.17214501,1.30787134,1.53696895,1.74364483,1.96816158,2.07930946,2.10644555,2.04291058,2.04900908,..,..
Domestic general government health expenditure (% of GDP),SH.XPD.GHED.GD.ZS,Sint Maarten (Dutch part),SXM,..,..,..,..,..,..,..,..,..,..,..,..,..,..,..,..,..,..,..,..,..,..,..,..,..,..,..,..,..,..,..,..,..,..,..,..,..,..,..,..,..,..,..,..,..,..,..,..,..,..
Domestic general government health expenditure (% of GDP),SH.XPD.GHED.GD.ZS,Slovak Republic,SVK,..,..,..,..,..,..,..,..,..,..,..,..,..,..,..,..,..,..,..,..,..,..,..,..,..,..,..,..,4.63913584,4.69889498,4.84496164,4.74017286,5.01567888,4.95043325,4.77292061,4.93226337,5.19804668,5.69372749,5.48891592,5.29839993,5.36506462,5.49825144,5.46752834,5.34849453,5.68539762,5.35255432,5.3113966,5.48452091,..,..
Domestic general government health expenditure (% of GDP),SH.XPD.GHED.GD.ZS,Slovenia,SVN,..,..,..,..,..,..,..,..,..,..,..,..,..,..,..,..,..,..,..,..,..,..,..,..,..,..,..,..,5.57140017,5.55741167,5.80969334,5.82858562,5.71562815,5.77480507,5.61257124,5.27593803,5.6679821,6.15069437,6.19808006,6.16889191,6.1747551,6.14473963,5.99596119,6.06387234,6.11774015,5.87684536,5.9950242,6.16875267,..,..
Domestic general government health expenditure (% of GDP),SH.XPD.GHED.GD.ZS,Solomon Islands,SLB,..,..,..,..,..,..,..,..,..,..,..,..,..,..,..,..,..,..,..,..,..,..,..,..,..,..,..,..,4.44415569,6.02517366,5.73763466,5.23841286,4.88922024,6.40079403,5.25133944,4.962358,3.14284301,2.99458671,3.06486058,2.95062947,3.09903908,2.77610326,2.97024131,3.20711517,3.16679525,3.11606836,3.11271596,3.56772232,..,..
Domestic general government health expenditure (% of GDP),SH.XPD.GHED.GD.ZS,Somalia,SOM,..,..,..,..,..,..,..,..,..,..,..,..,..,..,..,..,..,..,..,..,..,..,..,..,..,..,..,..,..,..,..,..,..,..,..,..,..,..,..,..,..,..,..,..,..,..,..,..,..,..
Domestic general government health expenditure (% of GDP),SH.XPD.GHED.GD.ZS,South Africa,ZAF,..,..,..,..,..,..,..,..,..,..,..,..,..,..,..,..,..,..,..,..,..,..,..,..,..,..,..,..,2.98784256,2.67808151,2.57734013,3.13731313,3.0567944,3.07617569,3.61328125,3.671134,3.73152447,4.23951578,4.44811392,4.53395033,4.5380373,4.52993202,4.75114346,5.01728439,4.99312115,4.98211432,5.07550335,5.35265827,..,..
Domestic general government health expenditure (% of GDP),SH.XPD.GHED.GD.ZS,South Sudan,SSD,..,..,..,..,..,..,..,..,..,..,..,..,..,..,..,..,..,..,..,..,..,..,..,..,..,..,..,..,..,..,..,..,..,..,..,..,..,..,..,..,..,..,..,..,..,0.69536835,0.68500352,0.98501509,..,..
Domestic general government health expenditure (% of GDP),SH.XPD.GHED.GD.ZS,Spain,ESP,..,..,..,..,..,..,..,..,..,..,..,..,..,..,..,..,..,..,..,..,..,..,..,..,..,..,..,..,4.91906023,4.87461853,4.89811945,5.37842989,5.46495342,5.53264093,5.64479733,5.72513008,6.14247751,6.83674145,6.78822565,6.73760843,6.6031642,6.43856239,6.38650513,6.50834465,6.40582085,6.31750059,6.31789398,6.44906759,..,..
Domestic general government health expenditure (% of GDP),SH.XPD.GHED.GD.ZS,Sri Lanka,LKA,..,..,..,..,..,..,..,..,..,..,..,..,..,..,..,..,..,..,..,..,..,..,..,..,..,..,..,..,2.27739692,2.20426607,2.23058748,2.07616782,2.20045042,2.11068773,2.02828789,1.91621375,1.72213423,1.7025485,1.56387627,1.58128536,1.43724024,1.73812568,1.61315,1.70994294,1.66631973,1.47440457,1.7875824,1.92656553,..,..
Domestic general government health expenditure (% of GDP),SH.XPD.GHED.GD.ZS,St. Kitts and Nevis,KNA,..,..,..,..,..,..,..,..,..,..,..,..,..,..,..,..,..,..,..,..,..,..,..,..,..,..,..,..,2.01197886,1.91941488,1.92994869,2.09647655,2.16082859,2.22139931,2.23068857,2.08316684,1.86186659,2.04347682,2.00846744,1.95237958,2.02594805,2.00137854,2.02152371,2.01014233,2.26066041,2.32647777,2.39570522,2.65798831,..,..
Domestic general government health expenditure (% of GDP),SH.XPD.GHED.GD.ZS,St. Lucia,LCA,..,..,..,..,..,..,..,..,..,..,..,..,..,..,..,..,..,..,..,..,..,..,..,..,..,..,..,..,1.67297924,1.78606808,1.82824528,1.64152479,1.56839085,1.60206163,1.55923831,1.55186629,1.59290409,1.8142674,1.81050265,1.80665112,2.03022528,2.06948948,1.90817714,1.99150765,1.9628458,2.03672338,1.97534657,2.05185366,..,..
Domestic general government health expenditure (% of GDP),SH.XPD.GHED.GD.ZS,St. Martin (French part),MAF,..,..,..,..,..,..,..,..,..,..,..,..,..,..,..,..,..,..,..,..,..,..,..,..,..,..,..,..,..,..,..,..,..,..,..,..,..,..,..,..,..,..,..,..,..,..,..,..,..,..
Domestic general government health expenditure (% of GDP),SH.XPD.GHED.GD.ZS,St. Vincent and the Grenadines,VCT,..,..,..,..,..,..,..,..,..,..,..,..,..,..,..,..,..,..,..,..,..,..,..,..,..,..,..,..,3.0020051,2.94243813,2.95367765,2.77746987,2.60138392,2.5324254,2.28784823,2.22432804,2.43147659,2.6471591,2.6955986,2.52923346,2.90775776,2.83768463,2.68233037,2.62938452,2.71915865,2.86137509,3.05141592,3.15172291,..,..
Domestic general government health expenditure (% of GDP),SH.XPD.GHED.GD.ZS,Sudan,SDN,..,..,..,..,..,..,..,..,..,..,..,..,..,..,..,..,..,..,..,..,..,..,..,..,..,..,..,..,1.21998167,1.1215229,1.128654,1.26332223,1.57302713,1.59963596,1.77735722,2.04945064,1.73194981,2.6293633,1.6462661,1.28281772,1.49337018,1.15195048,1.43453598,2.26318526,1.28996527,1.09046376,0.97552639,1.03762662,..,..
Domestic general government health expenditure (% of GDP),SH.XPD.GHED.GD.ZS,Suriname,SUR,..,..,..,..,..,..,..,..,..,..,..,..,..,..,..,..,..,..,..,..,..,..,..,..,..,..,..,..,3.04092121,1.99078226,2.63302994,2.28888941,2.60265517,2.52978587,2.90954542,2.76693392,2.24620795,2.44971395,2.13159895,1.91833019,1.88082254,2.02317452,2.00917816,3.38823462,3.93350077,3.46109533,5.26342392,7.01218414,..,..
Domestic general government health expenditure (% of GDP),SH.XPD.GHED.GD.ZS,Sweden,SWE,..,..,..,..,..,..,..,..,..,..,..,..,..,..,..,..,..,..,..,..,..,..,..,..,..,..,..,..,6.18943739,6.49035358,6.77922344,6.91412926,6.72247171,6.70755053,6.63158321,6.59803152,6.7719183,7.23678303,6.86272383,8.80000973,9.0407753,9.1623106,9.19936943,9.07129955,9.14448833,9.13570595,9.27633858,9.22483444,..,..
Domestic general government health expenditure (% of GDP),SH.XPD.GHED.GD.ZS,Switzerland,CHE,..,..,..,..,..,..,..,..,..,..,..,..,..,..,..,..,..,..,..,..,..,..,..,..,..,..,..,..,2.60352111,2.82851839,3.08993149,3.17492437,3.14565611,3.10609841,2.9180789,2.87561703,2.99652123,3.23709249,3.21735024,3.30035758,3.45818734,3.43032265,3.40755963,3.50238085,3.50250411,3.62295127,3.55291438,3.62563658,..,..
Domestic general government health expenditure (% of GDP),SH.XPD.GHED.GD.ZS,Syrian Arab Republic,SYR,..,..,..,..,..,..,..,..,..,..,..,..,..,..,..,..,..,..,..,..,..,..,..,..,..,..,..,..,1.54546833,1.86099052,2.05346513,2.4528079,2.13628602,2.06910086,1.7742846,1.76195872,1.56797361,1.59122455,1.46763837,1.50446117,1.61476171,..,..,..,..,..,..,..,..,..
Domestic general government health expenditure (% of GDP),SH.XPD.GHED.GD.ZS,Tajikistan,TJK,..,..,..,..,..,..,..,..,..,..,..,..,..,..,..,..,..,..,..,..,..,..,..,..,..,..,..,..,0.88544554,0.8757962,0.80717486,0.76923078,0.89477104,0.98875153,0.93615186,1.07746482,1.36975408,1.08422637,1.18032789,1.30533111,1.60808599,1.90030837,2.07762313,2.04495668,2.00143194,2.09663963,1.95795763,1.94083118,..,..
Domestic general government health expenditure (% of GDP),SH.XPD.GHED.GD.ZS,Tanzania,TZA,..,..,..,..,..,..,..,..,..,..,..,..,..,..,..,..,..,..,..,..,..,..,..,..,..,..,..,..,0.74586475,1.08908319,1.33213401,1.49158549,1.9667486,2.31116962,2.37998891,1.94105637,2.25783944,1.48484647,1.44997728,1.28681624,1.17573333,1.18517041,1.19945383,1.25726104,1.61013734,1.5779469,1.56340396,1.56490099,..,..
Domestic general government health expenditure (% of GDP),SH.XPD.GHED.GD.ZS,Thailand,THA,..,..,..,..,..,..,..,..,..,..,..,..,..,..,..,..,..,..,..,..,..,..,..,..,..,..,..,..,1.71153045,1.66487634,2.07636881,2.04556918,2.01255631,2.013062,2.2303164,2.41405702,2.60726309,2.64681911,2.50096035,2.72706866,2.68024039,2.62275028,2.78856063,2.74870181,2.85137558,2.76579475,2.69087815,2.7152462,..,..
Domestic general government health expenditure (% of GDP),SH.XPD.GHED.GD.ZS,Timor-Leste,TLS,..,..,..,..,..,..,..,..,..,..,..,..,..,..,..,..,..,..,..,..,..,..,..,..,..,..,..,..,..,..,..,1.3032732,1.67137587,2.12407804,2.39656949,0.96646351,3.39832354,3.24565578,3.28824782,3.52425456,4.19234657,4.44555855,4.1271596,4.40652466,3.42337966,4.45089388,4.52639627,4.00228405,..,..
Domestic general government health expenditure (% of GDP),SH.XPD.GHED.GD.ZS,Togo,TGO,..,..,..,..,..,..,..,..,..,..,..,..,..,..,..,..,..,..,..,..,..,..,..,..,..,..,..,..,0.290968,0.32503304,0.34117526,0.3768526,0.4441134,0.50362736,0.56445915,0.62281972,0.61289495,0.70697951,1.15260625,1.07126546,1.20869923,0.99220741,1.03395844,0.94316441,0.98174185,1.04826045,1.01942241,0.86332363,..,..
Domestic general government health expenditure (% of GDP),SH.XPD.GHED.GD.ZS,Tonga,TON,..,..,..,..,..,..,..,..,..,..,..,..,..,..,..,..,..,..,..,..,..,..,..,..,..,..,..,..,2.30323887,2.44649458,2.59221506,2.42319846,2.45591712,2.61161542,2.8505168,3.18001771,2.89580131,3.04270864,2.85781646,2.74445724,2.52508307,2.7824738,2.8900826,2.76515198,2.98697019,2.90658689,3.20244765,2.89207911,..,..
Domestic general government health expenditure (% of GDP),SH.XPD.GHED.GD.ZS,Trinidad and Tobago,TTO,..,..,..,..,..,..,..,..,..,..,..,..,..,..,..,..,..,..,..,..,..,..,..,..,..,..,..,..,1.56699646,1.74266553,1.96599567,1.90437138,1.85756683,2.14629865,1.86406863,1.91819596,1.74781442,2.61162734,2.44673586,2.35490918,2.38030887,2.59099174,2.61501503,3.1290617,3.42434788,3.65755558,3.24983716,3.227736,..,..
Domestic general government health expenditure (% of GDP),SH.XPD.GHED.GD.ZS,Tunisia,TUN,..,..,..,..,..,..,..,..,..,..,..,..,..,..,..,..,..,..,..,..,..,..,..,..,..,..,..,..,2.65892363,2.66107702,2.7802453,2.80898786,2.78806877,2.74298906,2.81285,2.89786363,2.94017267,3.12067366,3.28053451,3.62853074,3.76331949,4.05165958,3.9573853,3.57526422,3.61440659,3.83929467,3.83320904,3.97622514,..,..
Domestic general government health expenditure (% of GDP),SH.XPD.GHED.GD.ZS,Turkey,TUR,..,..,..,..,..,..,..,..,..,..,..,..,..,..,..,..,..,..,..,..,..,..,..,..,..,..,..,..,2.83683062,3.28714561,3.54229736,3.57052279,3.52044296,3.31541967,3.54304099,3.60262251,3.79284501,4.42291498,3.91593647,3.68182659,3.51873088,3.42470479,3.35657477,3.21666908,3.36101246,3.24810481,3.1913538,3.38485885,..,..
Domestic general government health expenditure (% of GDP),SH.XPD.GHED.GD.ZS,Turkmenistan,TKM,..,..,..,..,..,..,..,..,..,..,..,..,..,..,..,..,..,..,..,..,..,..,..,..,..,..,..,..,3.2146275,2.81791711,2.43147659,2.70852613,2.42143059,2.02052546,1.54505134,1.38726151,0.94631708,1.16710687,1.20167792,1.27191949,1.27648938,1.46978831,1.4822861,1.50821304,1.23044443,1.54825079,1.19681919,1.18182302,..,..
Domestic general government health expenditure (% of GDP),SH.XPD.GHED.GD.ZS,Turks and Caicos Islands,TCA,..,..,..,..,..,..,..,..,..,..,..,..,..,..,..,..,..,..,..,..,..,..,..,..,..,..,..,..,..,..,..,..,..,..,..,..,..,..,..,..,..,..,..,..,..,..,..,..,..,..
Domestic general government health expenditure (% of GDP),SH.XPD.GHED.GD.ZS,Tuvalu,TUV,..,..,..,..,..,..,..,..,..,..,..,..,..,..,..,..,..,..,..,..,..,..,..,..,..,..,..,..,24.11335373,17.65759659,11.75090027,13.33277512,9.46625137,10.37613583,10.83419704,10.13265324,9.91073895,12.05714226,14.35294151,13.5405407,13.47222137,13.92105198,14.1219511,13.17021275,12.07547188,11.78571415,15.57900333,17.79838181,..,..
Domestic general government health expenditure (% of GDP),SH.XPD.GHED.GD.ZS,Uganda,UGA,..,..,..,..,..,..,..,..,..,..,..,..,..,..,..,..,..,..,..,..,..,..,..,..,..,..,..,..,1.25680089,1.33745134,1.45255184,1.46030819,1.36040831,0.99800611,0.94446313,0.91254807,0.89280677,0.81078357,1.06371725,0.90863341,0.92485046,0.97432137,0.95077145,0.77470893,0.77894604,0.63893265,0.67621309,0.57824951,..,..
Domestic general government health expenditure (% of GDP),SH.XPD.GHED.GD.ZS,Ukraine,UKR,..,..,..,..,..,..,..,..,..,..,..,..,..,..,..,..,..,..,..,..,..,..,..,..,..,..,..,..,2.51132536,2.80008173,3.07087588,3.64921904,3.40481019,3.72637844,3.87742233,3.56190658,3.19206929,3.84805918,3.68649149,3.42371416,3.74045587,3.33901906,3.45069814,3.68105626,3.6390233,3.50868416,3.49084067,3.17949653,..,..
Domestic general government health expenditure (% of GDP),SH.XPD.GHED.GD.ZS,United Arab Emirates,ARE,..,..,..,..,..,..,..,..,..,..,..,..,..,..,..,..,..,..,..,..,..,..,..,..,..,..,..,..,1.63412821,1.91322362,1.66402185,1.62154937,1.40600681,1.31882453,1.33256018,1.50538909,1.87160146,2.98414969,2.74825215,2.65790248,2.48480749,2.58594108,2.57659149,2.55334878,2.49996352,2.22512007,2.13816261,2.2357583,..,..
Domestic general government health expenditure (% of GDP),SH.XPD.GHED.GD.ZS,United Kingdom,GBR,..,..,..,..,..,..,..,..,..,..,..,..,..,..,..,..,..,..,..,..,..,..,..,..,..,..,..,..,5.52005482,5.7884984,6.15115213,6.37286091,6.72644663,6.86174393,7.06341505,7.0624342,7.38709784,8.17551804,8.07929516,8.06530571,8.05242443,7.97009706,7.96156025,7.92137241,7.92683458,7.8130374,7.86187077,8.06920433,..,..
Domestic general government health expenditure (% of GDP),SH.XPD.GHED.GD.ZS,United States,USA,..,..,..,..,..,..,..,..,..,..,..,..,..,..,..,..,..,..,..,..,..,..,..,..,..,..,..,..,5.54226208,5.96840286,6.3218236,6.52211809,6.61016417,6.62940884,6.80890989,6.9233551,7.25172758,7.87523222,7.94476509,7.92789316,7.90049934,7.94619036,8.23888111,8.45250511,8.55732727,8.51218987,8.47234249,8.52492332,..,..
Domestic general government health expenditure (% of GDP),SH.XPD.GHED.GD.ZS,Uruguay,URY,..,..,..,..,..,..,..,..,..,..,..,..,..,..,..,..,..,..,..,..,..,..,..,..,..,..,..,..,3.82681274,4.39997387,4.64072323,5.03634214,4.34252119,3.50426316,3.69235921,3.63677883,4.57575798,4.71686649,4.74686909,4.88793612,5.18104172,5.39424229,5.4994874,5.67222929,6.0316515,6.11313534,6.23086023,6.22570753,..,..
Domestic general government health expenditure (% of GDP),SH.XPD.GHED.GD.ZS,Uzbekistan,UZB,..,..,..,..,..,..,..,..,..,..,..,..,..,..,..,..,..,..,..,..,..,..,..,..,..,..,..,..,2.12656021,2.15562725,2.04911995,2.00883818,1.91252971,1.92371881,2.04291105,1.90483332,2.0303421,2.11627197,2.26315284,2.2242496,2.47885871,2.54673815,2.43939805,2.48283529,2.16498423,2.10676932,2.02401519,2.3361671,..,..
Domestic general government health expenditure (% of GDP),SH.XPD.GHED.GD.ZS,Vanuatu,VUT,..,..,..,..,..,..,..,..,..,..,..,..,..,..,..,..,..,..,..,..,..,..,..,..,..,..,..,..,2.46942925,2.51605392,2.62352204,2.48979235,2.32455468,2.14044666,2.14596343,2.22354412,2.27406836,2.00319982,1.94035745,2.36059308,2.29996991,2.24557829,0.5876475,2.09905958,1.32797575,1.46623802,2.14046311,1.91707087,..,..
Domestic general government health expenditure (% of GDP),SH.XPD.GHED.GD.ZS,"Venezuela, RB",VEN,..,..,..,..,..,..,..,..,..,..,..,..,..,..,..,..,..,..,..,..,..,..,..,..,..,..,..,..,3.36394525,3.5285368,3.55377865,3.78109598,3.67353249,2.81432319,4.60071707,4.02177048,2.55314755,2.59487391,2.58674407,3.07865167,2.85448194,2.15607333,1.99139452,1.96749842,1.85235238,2.79058409,3.21141815,2.47110105,..,..
Domestic general government health expenditure (% of GDP),SH.XPD.GHED.GD.ZS,Vietnam,VNM,..,..,..,..,..,..,..,..,..,..,..,..,..,..,..,..,..,..,..,..,..,..,..,..,..,..,..,..,1.33280778,1.19511807,1.31295264,1.20678008,1.35462737,1.47417974,1.52994156,1.51937377,1.52749527,1.51122534,1.86173725,1.78486931,2.09637356,2.39113688,1.93541718,1.90878153,2.14321518,2.17300439,2.09576464,2.29924917,..,..
Domestic general government health expenditure (% of GDP),SH.XPD.GHED.GD.ZS,Virgin Islands (U.S.),VIR,..,..,..,..,..,..,..,..,..,..,..,..,..,..,..,..,..,..,..,..,..,..,..,..,..,..,..,..,..,..,..,..,..,..,..,..,..,..,..,..,..,..,..,..,..,..,..,..,..,..
Domestic general government health expenditure (% of GDP),SH.XPD.GHED.GD.ZS,West Bank and Gaza,PSE,..,..,..,..,..,..,..,..,..,..,..,..,..,..,..,..,..,..,..,..,..,..,..,..,..,..,..,..,..,..,..,..,..,..,..,..,..,..,..,..,..,..,..,..,..,..,..,..,..,..
Domestic general government health expenditure (% of GDP),SH.XPD.GHED.GD.ZS,"Yemen, Rep.",YEM,..,..,..,..,..,..,..,..,..,..,..,..,..,..,..,..,..,..,..,..,..,..,..,..,..,..,..,..,2.37196207,2.47797346,2.33098412,2.40408087,1.95299447,1.65503621,1.62575734,1.56394875,1.60280931,1.30869246,1.16217124,1.09211802,1.24131441,0.97960776,0.78348464,0.43304482,..,..,..,..,..,..
Domestic general government health expenditure (% of GDP),SH.XPD.GHED.GD.ZS,Zambia,ZMB,..,..,..,..,..,..,..,..,..,..,..,..,..,..,..,..,..,..,..,..,..,..,..,..,..,..,..,..,3.18158054,3.1055932,2.9581449,2.44050002,2.41501522,1.83118653,1.72526336,0.97808874,0.57981902,0.43821606,0.84136677,1.20387995,1.29786623,1.30987322,1.89382207,2.09054136,1.71430743,1.76568532,1.96286535,2.12920475,..,..
Domestic general government health expenditure (% of GDP),SH.XPD.GHED.GD.ZS,Zimbabwe,ZWE,..,..,..,..,..,..,..,..,..,..,..,..,..,..,..,..,..,..,..,..,..,..,..,..,..,..,..,..,..,..,..,..,..,..,..,..,..,..,2.75335717,2.1196537,1.99878275,2.01807022,2.73156643,1.55136812,1.78890914,1.79418128,2.78293462,1.35826993,..,..
,,,,,,,,,,,,,,,,,,,,,,,,,,,,,,,,,,,,,,,,,,,,,,,,,,,,,
,,,,,,,,,,,,,,,,,,,,,,,,,,,,,,,,,,,,,,,,,,,,,,,,,,,,,
,,,,,,,,,,,,,,,,,,,,,,,,,,,,,,,,,,,,,,,,,,,,,,,,,,,,,
Data from database: Health Nutrition and Population Statistics,,,,,,,,,,,,,,,,,,,,,,,,,,,,,,,,,,,,,,,,,,,,,,,,,,,,,
Last Updated: 02/16/2022,,,,,,,,,,,,,,,,,,,,,,,,,,,,,,,,,,,,,,,,,,,,,,,,,,,,,
